codeCPV,count
45000000-7,7828
71000000-8,5423
45210000,3543
71300000-1,3524
45210000-2,3412
45421000-4,3326
71200000-0,3176
71240000-2,3123
71241000-9,3039
45112500-0,2831
33000000-0,2740
45232410-9,2449
45223220-4,2398
79311000-7,2381
71221000-3,2308
45233140-2,2039
09310000-5,1874
77310000-6,1577
80530000-8,1574
15800000-6,1506
60130000-8,1497
45211000,1450
45330000-9,1365
45232150-8,1350
90500000-2,1326
45421000,1292
45112700-2,1245
45331000-6,1232
45454000,1209
45233141-9,1193
45112710-5,1173
45311200-2,1168
45454000-4,1136
45000000,1073
71200000,1045
45223220,1001
45410000-4,994
33600000-6,952
75200000-8,945
45233220-7,932
45231400-9,929
45214200-2,914
45454100-5,911
66510000-8,906
71335000-5,895
45261000-4,878
45454100,868
45262522-6,865
45316110-9,860
71300000,859
66510000,852
45200000-9,848
45261420-4,825
45111100-9,822
71240000,817
80530000,803
45261100-5,793
45261210-9,767
45111291-4,758
45220000-5,720
45442100-8,711
45200000,700
45112500,699
45311000-0,690
71000000,681
45262660-5,675
77310000,660
44316500-3,660
60112000-6,659
71241000,640
45330000,626
71351810-4,611
15800000,602
72267100-0,598
64200000-8,586
90911200-8,576
71221000,573
45110000-1,569
45453000,564
71310000-4,557
45233120-6,554
45321000-3,553
34300000-0,552
90910000-9,535
45233142-6,534
15000000-8,524
33600000,513
45310000-3,512
45212200-8,511
34100000-8,509
71250000-5,509
45232410,506
48000000-8,505
60100000-9,500
45311200,483
66514110-0,479
79311000,474
30200000-1,467
45442100,467
90513000-6,457
18100000-0,448
45262700,445
45232411-6,439
45262700-8,436
39830000-9,434
45212000-6,434
71313000-5,434
72267000-4,429
45232420-2,426
45262800-9,425
41110000-3,422
45233140,420
66515000-3,418
45443000-4,418
45111100,410
45211340,409
71222000-0,409
71410000-5,404
45112000-5,402
45232130-2,398
45214200,397
66512000-2,391
45214210-5,388
50700000-2,387
45453100,387
33100000-1,386
71400000-2,379
15896000-5,375
45421141-4,374
71336000-2,370
31682000-0,365
45331000,363
09123000-7,361
33696500-0,361
45431000-7,359
45261420,355
34993000-4,352
55523100-3,352
45262800,351
71317210-8,344
50324200-4,342
79810000-5,340
79713000-5,340
71356200-0,335
45112710,334
45113000,333
45261210,333
71210000-3,330
45421150-0,329
45262660,323
71335000,323
30192000-1,320
45432111-5,320
34928480-6,319
45262650-2,318
44211100-3,315
60140000-1,315
50000000-5,306
32323500-8,300
45113000-2,300
09134200-9,299
45430000-0,297
85312110-3,294
71310000,293
22113000-5,293
66515200-5,292
34100000,292
71356100-9,290
33140000-3,290
45410000,289
71332000-4,287
55520000-1,287
79314000-8,286
71317210,285
45300000-0,285
45211350-7,285
45320000-6,283
45321000,283
75310000-2,280
71631300-3,279
90910000,279
45232150,279
44220000-8,278
60000000-8,278
45112700,278
79100000-5,275
90511000-2,275
45212212-5,274
45262690-4,274
34928400-2,273
45233200-1,273
66516000-0,273
45211100,273
45231110-9,272
45233162-2,270
45421152-4,269
45233252-0,268
45262522,267
50720000-8,266
45232141-2,265
50413200-5,264
90480000-5,264
45443000,262
45112720-8,261
45212221-1,261
45233141,260
44316500,260
79952000-2,260
30230000-0,259
79800000-2,258
30121100-4,257
45300000,255
45233000-9,255
33140000,255
50750000-7,253
00000000-0,252
45310000,246
45260000-7,246
72500000-0,246
44162500-8,246
90620000-9,246
33141000-0,245
90511200-4,243
79822500-7,241
45420000-7,240
90500000,238
71330000-0,238
90611000-3,238
45453000-7,236
71250000,236
79620000-6,235
66133000-1,235
44613800-8,234
32400000-7,234
71356100,230
60130000,230
45212000,229
90510000-5,228
39100000-3,227
45212222-8,227
45221119-9,226
45215100-8,226
45313100-5,226
45261100,225
45223300-9,225
71242000-6,224
18143000-3,222
60100000,219
45453100-8,218
45111000-8,217
30163100-0,217
45442110-1,216
45111220-6,215
45261000,214
45233221-4,214
15300000-1,213
15500000-3,213
45231300-8,213
74200000-1,210
39162110-9,209
90900000-6,208
71223000-7,208
45232151-5,207
34913000-0,207
03000000-1,207
45432130-4,205
79111000-5,205
45100000-8,205
39221000-7,205
45212300-9,204
45234116-2,203
55521200-0,203
09331200-0,202
45111291,201
22110000-4,201
44142000-7,200
45261213-0,200
45311000,198
45262690,198
71312000-8,194
09000000-3,194
44161200-8,193
50324200,193
71351810,193
39130000-2,193
44113320-4,192
71631300,188
45259000-7,187
34144700-5,187
39151000-5,185
79998000-6,184
39830000,184
45431000,183
71311300-4,183
64212000-5,182
80500000,182
45421146-9,181
64210000-1,181
71620000-0,180
92000000-1,180
45262311-4,180
60172000-4,179
90911200,179
45261215-4,178
18100000,177
34300000,176
71210000,176
39234000-1,176
44115800-7,175
45421100-5,174
44112300-1,173
48900000-7,173
72500000,173
55321000-6,172
30197630-1,171
75231240-8,170
79823000-9,170
72267100,170
45212100-7,170
34992200-9,170
45340000-2,169
45112723-9,169
50232100-1,168
45112100-6,168
79810000,168
72250000-2,168
79110000-8,168
71630000-3,167
85300000-2,167
37535200-9,167
45262512-3,166
79800000,165
37400000-2,165
44111400-5,165
50324100-3,164
45110000,164
39160000-1,164
45313100,164
77314000-4,164
18110000-3,163
34144900-7,163
45316110,163
79311100-8,163
90911000-6,163
45215212-6,161
44810000-1,161
55520000,160
44316000-8,160
72000000-5,160
45233292-2,160
79212000-3,160
09134000-7,160
55243000-5,159
45232140-5,158
50100000-6,158
71420000-8,158
50100000,157
79710000-4,157
22113000,155
50700000,154
50721000-5,154
90470000-2,153
92331210-5,153
45432100-5,152
45432111,152
45246200-5,152
74222100-2,152
30199770-8,151
45211350,151
71621000-7,150
80511000-9,149
45112730-1,148
45220000,146
39162100,146
45252126-7,146
71313000,144
80500000-9,144
45231112-3,144
45215400-1,143
50110000-9,143
50750000,142
38343000-1,142
72267000,142
66515000,141
09300000-2,141
77211500-7,140
65300000-6,139
79714000-2,138
14212000-0,138
32342410-9,138
44111000-1,138
45212314-0,137
45212361-4,137
45262210-6,137
31600000-2,136
45400000,136
15882000-4,136
34928500-3,136
71336000,136
45212200,134
90911000,134
39150000-8,133
79822500,133
90610000-6,133
90512000-9,132
79600000-0,132
34928471-0,131
33651600-4,131
71315400-3,130
50800000-3,130
77211400-6,130
15894200-3,130
50413200,129
79419000-4,129
44112200-0,129
39294100-0,129
45316100-6,128
45216121-8,128
79933000-3,128
92521100-0,128
72600000-6,127
45252100-9,126
79713000,126
77340000-5,125
45240000-1,125
34110000-1,125
71356200,125
45320000,124
75130000-6,124
79952000,124
92311000-4,123
60112000,123
79300000-7,122
45221113-7,121
15894210-6,120
15000000,120
45421140-7,120
30230000,119
45211200,119
09310000,119
45212110-0,118
45112711-2,118
45247270-3,118
79341000-6,117
92312000-1,116
64121100-1,115
15110000-2,115
40100000-3,115
31000000-6,114
45262640-9,113
33690000-3,113
66000000-0,113
45232460-4,113
45262620-3,113
30200000,112
90513000,111
45233120,111
90911300-9,111
71332000,111
45421150,110
03221200-8,110
45212422-0,110
45212220-4,110
39290000-1,109
71315400,109
92300000-4,109
45232423-3,109
45441000-0,109
45212290-5,109
45332000-3,109
45232421-9,109
15811100-7,109
39200000-4,108
65111000-4,108
90700000-4,108
90900000,108
45331110-0,107
45261900-3,107
98312000-3,106
50710000,106
50710000-5,106
79620000,106
45100000,105
45233294-6,104
45232430-5,103
45233220,103
79952100-3,103
66514110,103
98390000-3,102
98310000-9,102
39812100-8,102
15890000,102
45222000-9,101
33652000,101
50720000,101
90522400-6,101
34134200-7,100
34330000-9,100
43325000-7,100
44115210-4,99
45262500-6,99
45262650,99
79310000-0,99
77341000-2,99
45212212,99
71630000,98
50883000-8,98
92621000-0,98
74220000-7,98
30192000,97
45430000,97
79611000-0,97
66512000,96
71600000-4,96
45232152-2,96
33696500,96
85312510-7,96
45332200-5,96
72224000-1,95
45331210-1,95
45421141,95
15890000-3,95
72400000-4,94
75310000,94
50800000,94
45215100,94
34351100-3,94
71230000-9,93
45232141,93
70000000-1,93
45212222,93
45262510-9,93
63510000-7,92
45340000,92
45431100-8,92
45232100-3,91
45211360-0,91
45233229-0,91
71621000,90
31680000-6,90
45342000-6,90
71400000,90
45231400,90
75231240,90
44316400-2,90
31681410-0,90
45317000-2,90
90000000-7,89
60170000-0,89
79212000,89
50421000,89
71330000,89
90923000-3,89
45212350-4,88
39294100,88
45432100,88
75200000,88
15894700-8,87
72600000,87
45500000-2,86
74230000-0,86
16160000-4,86
72220000-3,86
31500000-1,86
44115200-1,85
38000000,85
55242000-8,85
44613700-7,85
45111290-7,85
39162110,85
34144511-3,85
45234116,84
45232154-6,84
90921000,84
22111000-1,84
09135100-5,84
79980000-7,83
32424000-1,83
34144510-6,83
42961100-1,83
65310000-9,83
92521100,83
45212221,83
71315200-1,83
90210000-2,83
16700000-2,83
15131120-2,83
45215200-9,82
71520000-9,82
24962000-5,82
92320000-0,81
45112000,81
45261212-3,81
45421130-4,81
39350000-0,81
43324100-1,81
50721000,81
92331210,81
85312110,81
74131100-7,80
15550000-8,80
50232000-0,80
39221000,80
45400000-1,80
45331110,80
50870000-4,79
45232411,79
30120000-6,79
90919200,79
50531100-7,79
45111250-5,79
71317000,79
45233293-9,79
79823000,79
45223000-6,79
39220000-0,78
45442110,78
45422000-1,78
18000000-9,78
79110000,78
39314000-6,78
74224000-5,78
44510000-8,78
35113400-3,78
66133000,78
50324100,77
45243100-3,77
45111000,77
92521210-4,77
34913000,77
72260000-5,77
45212300,77
19640000-4,77
03451000-6,77
71350000-6,77
45432130,76
44811000-8,76
31310000-2,76
34928480,76
55243000,76
66516000,75
44110000-4,75
45324000-4,75
32412100-5,75
85310000-5,75
45233142,74
39100000,74
90612000-0,74
09123000,73
79314000,73
79342200-5,73
28815800-6,73
77120000-7,73
45343000-3,73
15112100-7,73
15100000-9,72
90919200-4,72
32000000-3,72
90121000-1,72
45252130-8,72
09134000,72
34114000-9,71
34928400,71
50400000,71
44810000,71
79100000,71
45317000,71
09130000-9,70
45421143-8,70
71313400-9,70
71222000,70
50711000-2,70
09132100-4,70
45261910-6,70
92610000-0,70
44100000-1,70
03121000-5,70
15113000-3,70
45212331-5,70
09132000-3,70
45232454-9,69
45261215,69
45212224-2,69
50610000-4,69
45233162,69
31224500-7,69
35120000-1,69
45316000-5,69
45244000-9,69
66516400-4,69
70121200-7,69
71317200-5,69
48219300-9,68
34144900,68
90620000,68
72268000-1,68
45233223-8,68
51110000-6,68
90600000-3,67
50610000,67
45223210-1,67
45231600-1,67
30163000-9,67
34927100-2,67
50312000-5,67
45233000,67
72261000-2,67
45315000-8,67
39224300-1,67
03100000-2,66
45331220-4,66
90511000,66
90480000,66
39162100-6,66
45232460,66
77314000,66
45233161-5,66
44211100,66
45260000,66
85000000-9,65
79340000,65
45233221,65
45331200-8,65
44111400,65
45331100-7,65
45231110,65
71314300-5,65
45261211-6,65
44510000,65
09331000-8,64
71410000,64
39000000-2,64
79950000-8,64
71317200,64
22110000,64
39800000-0,64
90713000-8,64
45261900,64
39715000-7,64
74233500-6,63
45232130,63
45262330-3,63
34140000-0,63
45212110,63
39310000-8,63
34942000-2,63
70332100-8,63
33184000,63
79419000,63
45259000,62
55000000-0,62
45212313-3,62
18530000-3,62
03452000-3,62
71620000,62
45236119-7,62
44423400-5,62
44113610-4,62
42416100-6,61
45314320-0,61
45233252,61
45211341,61
30000000-9,61
45233200,61
90919300-5,61
71320000-7,61
71220000-6,60
71322000-1,60
45212330-8,60
45223000,60
45232140,60
45252000-8,60
60172000,60
71351914-3,60
45261200-6,60
71600000,59
30234400-2,59
15112000-6,59
34144700,59
92521000-9,59
85312500-4,59
50730000-1,59
45214000-0,59
48000000,59
50313200-4,59
45421151-7,59
50112000-3,59
71631000,59
45232420,59
37410000-5,59
79340000-9,59
45233128-2,58
45331210,58
03120000-8,58
71631000-0,58
31527260-6,58
33651600,58
74000000-9,58
45223110-0,58
45246000-3,58
90513200-8,58
77312100-1,57
66515200,57
22100000-1,57
71521000-6,57
45261410-1,57
45216110-8,57
34928200-0,57
79711000-1,57
18300000-2,57
38421100-3,57
90514000-3,57
45262321-7,56
90511100-3,56
09111400-4,56
45233290-8,56
45112711,56
45213141-3,56
24000000-4,56
45112720,56
39130000,56
55510000-8,56
71631450-9,56
90700000,56
45440000-3,56
77320000-9,56
45214210,56
45246400-7,55
79998000,55
60120000-5,55
38000000-5,55
45343000,55
45262100-2,55
60182000-7,55
03410000-7,55
55110000-4,55
63515000-2,55
42416100,54
71351500-8,54
79710000,54
42512000-8,54
71312000,54
45234126,54
64200000,54
72260000,54
45216000-4,53
43261000-0,53
15119000-5,53
37524000-7,53
90470000,53
44113000-5,53
72212900-8,53
15897300-5,53
71323100-9,53
24100000-5,53
85148000-8,53
65000000-3,52
90400000-1,52
45261400-8,52
71317000-3,52
50312300-8,52
31527200-8,52
18830000-6,52
79824000-6,52
63712400-7,52
33760000-5,52
71700000-5,52
30163100,52
14210000-6,52
79311100,51
45422100-2,51
45233123-7,51
66171000-9,51
45421152,51
72250000,51
37400000,51
45420000,51
71314000-2,51
45252124-3,51
71356300,50
31682000,50
50114000-7,50
45223810-7,50
34352100-0,50
80511000,50
45342000,50
85210000-3,50
44115800,50
92360000-2,50
44511000-5,50
79311200,49
39221110-1,49
28862500-7,49
39155000-3,49
30237300-2,49
90491000-5,49
50111000-6,49
18110000,49
55523100,49
71352000-0,49
45232100,49
44316400,48
45222100-0,48
71541000-2,48
45520000-8,48
31522000-1,48
79411100,48
39222100-5,48
80510000-2,48
90420000-7,48
71318000-0,48
09200000-1,48
15540000-5,48
50312310-1,48
30192700-8,48
79311200-9,47
45315300-1,47
44316000,47
77000000-0,47
44000000-0,47
32250000-0,47
03142300-1,47
77211600-8,47
45112714-3,47
45252127-4,47
45111220,47
45261920-9,47
90513800-4,47
35125300-2,47
45261410,46
45259100-8,46
38434000,46
33771200-7,46
45212314,46
79414000-9,46
45221119,46
71420000,46
45421146,46
45211340-4,46
45233222-1,46
33182100-0,46
79714000,46
85312300-2,46
48450000-7,46
79630000-9,46
31518100-1,46
45432000-4,46
43800000-1,45
92521000,45
45221111-3,45
45212422,45
44220000,45
45262410-8,45
45315000,45
30121100,45
34350000-5,45
39234000,45
45215400,45
45216121,45
74131500-1,45
79000000-4,45
71311200-3,45
15111100-0,45
77200000-2,45
15896000,45
98130000,45
33192000-2,44
92312000,44
90520000-8,44
34992000-7,44
15897300,44
45215210,44
44114000-2,44
71631400-4,44
66330000-2,44
32321200-1,44
44423000-1,44
45214220-8,44
34430000-0,44
72590000,44
80000000-4,44
85121270-6,44
48810000-9,44
45246410-0,44
50313000-2,43
34142000-4,43
44162500,43
45213100-4,43
79632000-3,43
45255500-4,43
30197630,43
60182000,43
55250000,43
22200000-2,43
50000000,43
55321000,43
15811100,43
60181000-0,43
45261910,43
33191000-5,42
45213150,42
72000000,42
79961000-8,42
09121200-5,42
03221000-6,42
55521100-9,42
72413000-8,42
55240000-4,42
71355200-3,42
55110000,42
45431100,42
44112410-5,42
65200000-5,42
45212170-8,42
42410000-3,42
31700000-3,42
32321300-2,42
34330000,42
77100000-1,41
15894300-4,41
34928100-9,41
34000000-7,41
16810000-6,41
45312000-7,41
44316510-6,41
55242000,41
39715300-0,41
39222000-4,41
18930000-7,41
39522530-1,41
45112723,41
90923000,41
50112110-7,41
50530000-9,41
45212410-3,41
90680000-7,41
32323500,41
92512000-3,41
65100000-4,41
39314000,41
39715200-9,41
80540000-1,41
35111300-8,41
90918000-5,41
34992200,40
44411000-4,40
92300000,40
55241000-1,40
45216110,40
45213230-4,40
45432110-8,40
64000000-6,40
79952100,40
71521000,40
71631200,40
45316200-7,40
77211500,40
79111000,40
50531100,40
71311000-1,40
71223000,40
15300000,39
90921000-9,39
50232200-2,39
35113400,39
35000000-4,39
71610000-7,39
48822000-6,39
48920000-3,39
80424000-2,39
30199770,39
55523000-2,39
44111000,39
55322000-3,39
45311100-1,39
45262220-9,39
18143000,38
39150000,38
50711000,38
64121100,38
45442120-4,38
71353000-7,38
45112712-9,38
45216120-1,38
71311300,38
71631200-2,38
79953000-9,38
92521200-1,38
65130000-3,37
50511000,37
44114100-3,37
34121000-1,37
35121700-5,37
64221000-1,37
44115000-9,37
79300000,37
33110000,37
45332400-7,37
92600000-7,37
79600000,37
79212300,37
45232120-9,37
75130000,37
45232470-7,37
90513900-5,37
45214100-1,37
72210000-0,37
39154100-7,37
44470000-5,37
09323000-9,37
55300000,37
72268000,37
90510000,37
50883000,37
71800000-6,36
15612500-6,36
90911300,36
45111200-0,36
03121100-6,36
22112000-8,36
15842300-5,36
33112200-0,36
15900000-7,36
66513100,36
45232151,36
09100000-0,36
72413000,36
45213150-9,36
22000000-0,36
79341100-7,36
31527260,36
72212900,36
45120000-4,36
79341400-0,36
79530000-8,36
16000000-5,36
45312100-8,36
42600000-2,36
50870000,36
34144200-0,36
44115210,36
33180000-5,36
45212320-5,36
45215500-2,36
79820000-8,35
45215222-9,35
45212290,35
45421140,35
24962000,35
79341200-8,35
71314100,35
16311100-9,35
71356000-8,35
45421100,35
72415000-2,35
39298900-6,35
45233100-0,35
85143000-3,35
90524400,35
79956000-0,35
71700000,35
34351100,35
44112200,35
45223300,35
19200000-8,34
98000000-3,34
44112100-9,34
45331200,34
45233228-3,34
45213316-1,34
41110000,34
55221000-5,34
39154000-6,34
92310000-7,34
71242000,34
45214400,34
90513700-3,34
18424300-0,34
03120000,34
79980000,34
30190000-7,34
64100000-7,34
71314200-4,34
79954000,34
03121100,34
79212100-4,34
45262400-5,34
90611000,34
45440000,34
30236000-2,34
45233225-2,34
45232300-5,34
45432113-9,34
24300000-7,34
35261000-1,33
45331100,33
92312211-3,33
16160000,33
03220000-9,33
50712000-9,33
85310000,33
35811200-4,33
50118110-9,33
50532000-3,33
60140000,33
45262200-3,33
63100000-0,33
77211100-3,33
45261220-2,33
45223200-8,33
34139100-1,33
71631450,33
74222300-4,33
09331200,33
44212320-8,33
34922100-7,33
92000000,33
44613800,33
90711000-4,33
60000000,33
66519310,33
34143000-1,33
44113310-1,33
50111100-7,32
50421000-2,32
31625200-5,32
15111000-9,32
98130000-3,32
71354100-5,32
44112300,32
45246200,32
71314300,32
45341000-9,32
37520000-9,32
45343200-5,32
48900000,32
45211300,32
45215200,32
45216120,32
79933000,32
90711000,32
45233260-9,32
34144000-8,32
92622000-7,32
98300000-6,32
55521200,32
50110000,32
79993100-2,32
98310000,31
77312000-0,31
45234126-5,31
85111820-4,31
79421200-3,31
77300000-3,31
90922000,31
03121000,31
75242110-8,31
22440000-6,31
39160000,31
03310000-5,31
71316000-6,31
34144510,31
48180000-3,31
77341000,31
45233121-3,31
45421131,31
32412110-8,31
30234300-1,31
45246410,31
34927100,31
79342000,31
45261920,31
50230000-6,31
34928300-1,30
32342410,30
92311000,30
39110000-6,30
72243000-0,30
98351000-8,30
31625100-4,30
90523000-9,30
45213000,30
34224000-3,30
92620000-3,30
33183200,30
72212000-4,30
92500000-6,30
39811000-0,30
34130000-7,30
77313000-7,30
65210000-8,30
79953000,30
45313000,30
72224000,30
15980000-1,30
79140000-7,30
90121120-8,30
39511100-8,30
44113300-8,30
41100000-0,30
50312600-1,29
66170000-2,29
92360000,29
44190000-8,29
33100000,29
45111230-9,29
11200000-2,29
71355000-1,29
32322000-6,29
85121270,29
45252120-5,29
71247000-1,29
45212350,29
45316000,29
44211000-2,29
45232454,29
55320000-9,29
45214100,29
79824000,29
45421130,29
30213100-6,29
38720000-8,29
45332000,29
15500000,29
79341400,29
90524400-0,29
71317100-4,29
45213252-4,29
92521210,29
32400000,29
45211100-0,29
30213300-8,28
45262500,28
45231112,28
70333000-4,28
50232100,28
77211300-5,28
45230000-8,28
50511000-0,28
50513000,28
72411000-4,28
33141621-9,28
71318000,28
45243110-6,28
44800000-8,28
79995100-6,28
44163000-0,28
34114400-3,28
03142500-3,28
34928471,28
74731000-2,28
43323000-3,28
37524100-8,28
45262600-7,28
39222100,28
32524000-2,28
03450000,28
92100000-2,28
75125000-8,28
03311000-2,28
90490000-8,28
45212225-9,28
66513200-1,28
79416200-5,28
66500000,27
44142000,27
31527100-7,27
92110000-5,27
71222100-1,27
45211000-9,27
85311300-5,27
79540000-1,27
14212000,27
15982000-5,27
79310000,27
45236119,27
45111250,27
24312122-5,27
45212361,27
60180000-3,27
90610000,27
39310000,27
92312200-3,27
45316100,27
79421000,27
45233292,27
72400000,27
45262210,27
34144400-2,27
77340000,27
50500000-0,27
66516100-1,27
42968100-0,27
75240000-0,27
18830000,27
39141000-2,27
45222000,27
45212150-2,27
33793000,27
44112000-8,27
33680000-0,27
34928500,27
15330000-0,27
79342000-3,27
33168000-5,26
71311100-2,26
43800000,26
34996100-6,26
90513500-1,26
15411000-2,26
79412000-5,26
85312320-8,26
50112000,26
45211200-1,26
37810000-9,26
79625000-1,26
85143000,26
30236000,26
31170000-8,26
45312100,26
34110000,26
60170000,26
72252000-6,26
77312100,26
75123000-4,26
63500000-4,26
34144430-1,26
35100000,26
45317100-3,26
63000000-9,26
45221000-2,26
45112730,26
28417500-3,26
79341000,26
45223110,26
92400000,26
38434540-3,26
33151000,26
28213800-6,26
66512200,26
45251141-1,26
71315000-9,26
71541000,26
33157100,26
66171000,26
18420000-9,26
31121000-0,26
45316212-4,25
45211341-1,25
45221113,25
45215212,25
30100000-0,25
45212230,25
16600000-1,25
45450000,25
79341100,25
03452000,25
85300000,25
71520000,25
09134220-5,25
45262512,25
65120000-0,25
65320000-2,25
79711000,25
45111290,25
45441000,25
77231400-2,25
33660000,25
70200000-3,25
31600000,25
66513100-0,25
32321300,25
44212310-5,25
45223800-4,25
98370000-7,25
63100000,25
71314100-3,25
16700000,25
37535280-3,25
85320000,25
35113200-1,25
90712400-5,25
66000000,25
45314000,25
75241000-7,24
71900000-7,24
60161000-4,24
45421148-3,24
80410000-1,24
90630000-2,24
30195300-5,24
31681410,24
34115200-8,24
15810000-9,24
38434540,24
42400000-0,24
44113900-4,24
80330000-6,24
45213312,24
45262640,24
24960000,24
45112600-1,24
45323000-7,24
98312000,24
90722100-5,24
45240000,24
45244000,24
39296100-4,24
34139000-0,24
22111000,24
45259900-6,24
18130000-9,24
90922000-6,24
50410000,24
34993000,24
22900000-9,24
33770000-8,24
34144710-8,24
50530000,24
45213252,24
90511200,24
92400000-5,24
45212410,23
79400000,23
45432000,23
38221000-0,23
24951000-5,23
34114000,23
50312000,23
73000000-2,23
34620000-9,23
45232200-4,23
45232121,23
66334100-1,23
45230000,23
45213141,23
72310000-1,23
71631400,23
45232210,23
64210000,23
45312000,23
71351914,23
48600000-4,23
44230000-1,23
45214220,23
45233160-8,23
48218000-9,23
28861200-7,23
45221100-3,23
45314300-4,23
90512000,23
85148000,23
45212230-7,23
45262321,23
45452000-0,22
14622000-7,22
45212354-2,22
55500000-5,22
31520000-7,22
15511000,22
45212420,22
24111500,22
85111820,22
19640000,22
35110000-8,22
43310000-9,22
79313000-1,22
45233290,22
72514000-1,22
85320000-8,22
45315300,22
45212330,22
48800000-6,22
71315200,22
45324000,22
64215000-6,22
66331000-9,22
09211000-1,22
50313200,22
03451300-9,22
09130000,22
45262620,22
90511100,22
19520000-7,22
71315100-0,22
45314320,22
18513000,22
24111500-0,22
50334110-9,22
92320000,22
45316210-0,22
31500000,22
35200000-6,22
45432110,22
79413000-2,22
34136200-1,22
45261400,22
44316510,21
45262311,21
45422100,21
09120000-6,21
90511400-6,21
45232400,21
45212100,21
32584000-0,21
39300000-5,21
34352000-9,21
42122000-0,21
33184100,21
48820000-2,21
45262100,21
15897200-4,21
43325100-8,21
90913000-0,21
77211400,21
44611500-1,21
43325000,21
73110000-6,21
34144431-8,21
79520000-5,21
79411000-8,21
18937000-6,21
44141000-0,21
44114200-4,21
85147000-1,21
90714000-5,21
72700000-7,21
03121200-7,21
66516400,21
45112340-0,21
79342200,21
45451000-3,21
45313000-4,21
72611000-6,21
72222300-0,21
79400000-8,21
90460000-9,21
50244000,21
64120000-3,21
74700000-6,21
39151000,21
37500000,21
30197643-5,21
90121100-2,21
30211300-4,21
85200000-1,21
45252125-0,21
45232451-8,20
39710000-2,20
22454000-7,20
45421132,20
80330000,20
90640000-5,20
50420000,20
45216111-5,20
50712000,20
31224500,20
50880000,20
60424120-3,20
63700000-6,20
15110000,20
09332000-5,20
44161200,20
03451000,20
92512000,20
09132000,20
45212420-6,20
79210000-9,20
79714100-3,20
32321200,20
45252126,20
60161000,20
45215210-2,20
09135100,20
71631100-1,20
30163000,20
34114200-1,20
45311100,20
50116500-6,20
45442120,20
09134200,20
39161000-8,20
15550000,20
55100000-1,20
79960000-1,20
45261213,20
45315600-4,20
44211500-7,20
77313000,20
79416200,20
66519310-7,20
16720000-8,20
34921000-9,20
80510000,19
33711900-6,19
79970000-4,19
31720000-9,19
64212000,19
42130000-9,19
03111000-2,19
15331170-9,19
45233128,19
37410000,19
45223210,19
15551300-8,19
66513200,19
45232121-6,19
43250000-0,19
44115200,19
42418000-9,19
38434560-9,19
34144512-0,19
34210000-2,19
44221000-5,19
92370000-5,19
45232400-6,19
45421151,19
45221110-6,19
15850000-1,19
79418000-7,19
79411100-9,19
15910000-0,19
72590000-7,19
31400000-0,19
44191000-5,19
39296000-3,19
24440000-0,19
80100000-5,19
34320000,19
63510000,19
30192400-5,19
39311000-5,19
44171000,19
45112320-4,19
85312510,19
15894200,19
22459000-2,19
45233139-3,19
42418000,19
45314000-1,19
50232110-4,19
71500000-3,19
35261000,19
74251000-3,19
45262330,19
90600000,18
44423400,18
44111520-2,18
71315210-4,18
72314000-9,18
22900000,18
50532400,18
50730000,18
45312200-9,18
79313000,18
50411100,18
42990000-2,18
39156000-0,18
45213230,18
45259900,18
72200000-7,18
79632000,18
63724310-6,18
71311000,18
42964000-1,18
44221400-9,18
90524300-9,18
45112360-6,18
45216100-5,18
45451000,18
71631430-3,18
72212000,18
16311100,18
90420000,18
90722000-4,18
71351500,18
45343200,18
44621200-1,18
37416000-7,18
63521000-7,18
90919300,18
72610000-9,18
98513100-3,18
71353000,18
50313000,18
70130000-1,18
45231000-5,18
71220000,18
39370000-6,18
45331220,18
50500000,18
32323300-6,18
45233300-2,18
35260000-4,18
37000000-8,18
03221200,18
90400000,18
39224300,18
30199000-0,18
15112100,18
39120000-9,18
45112450-4,18
15131120,18
45215000-7,18
90650000,18
90690000-0,18
72246000-1,18
44175000-7,18
45234230-7,18
37412000-9,18
45214610-9,18
45212340,18
77311000-3,18
50343000-1,18
50532000,18
40000000-2,18
66513000,17
48450000,17
79200000-6,17
45251200-3,17
73200000-4,17
19600000-2,17
50421200,17
50232000,17
75112100-5,17
31680000,17
42961300-3,17
45422000,17
92621000,17
71530000-2,17
90514000,17
45421132-8,17
92600000,17
92111260-2,17
45212500-1,17
55300000-3,17
18300000,17
39713410-0,17
70310000-7,17
71351600-9,17
90612000,17
24321000-0,17
45112340,17
92111200-4,17
45232332-8,17
90533000-2,17
30144300-3,17
98351110-2,17
43315000-4,17
71313440-1,17
33750000-2,17
79954000-6,17
92111260,17
44113610,17
90712000-1,17
92520000-2,17
41000000-9,17
11000000-0,17
45215222,17
42600000,17
42415110-2,17
45215213-3,17
98311000-6,17
90650000-8,17
90721600,17
45233253-7,17
45233293,17
55240000,17
45212310-2,17
18800000-7,17
34136100-0,17
90513600-2,17
33751000-9,17
37500000-3,17
79416000-3,17
80400000,17
45262521-9,17
39162000-5,17
90710000-7,17
09122100-1,17
90918000,17
45214400-4,17
39224000-8,17
30199230-1,17
15893100-5,17
45262300-4,17
80411000,17
03413000-8,17
45233121,17
45262511-6,17
42991000-9,16
71351000-3,16
79415200-8,16
55524000-9,16
03100000,16
50860000-1,16
34320000-6,16
33771000-5,16
31155000-7,16
42511110-5,16
39713400-7,16
73420000-2,16
39224000,16
30232100-5,16
45243100,16
45232152,16
45213221-8,16
71351800-1,16
33182100,16
15111200-1,16
72320000-4,16
45223310-2,16
90713000,16
45215300-0,16
34928310-4,16
98342000-2,16
66337000-1,16
39131100-0,16
44112400-2,16
90670000,16
33110000-4,16
63712000-3,16
74131110-0,16
90513900,16
79212300-6,16
79420000-4,16
71320000,16
71500000,16
42514300-5,16
34942000,16
33760000,16
72222300,16
90713100-9,16
03311000,16
85312500,16
34990000-3,16
15981000-8,16
64110000-0,16
03441000-3,16
80550000-4,16
39113100-8,16
79720000,16
45243510-0,16
34930000-5,16
51700000-9,16
44113320,16
35111000-5,16
55510000,16
90720000-0,16
92100000,16
42521000-4,16
09300000,16
71313450-4,16
92312240-5,16
45247111-1,16
45234125,16
45212211-8,16
45432210-9,16
72514100-2,16
98133100-5,16
85311100-3,16
35300000-7,16
15511000-3,16
32500000-8,16
34928510,16
19231000-4,15
79820000,15
77100000,15
34134200,15
92221000-6,15
79811000-2,15
24111900-4,15
09100000,15
44163200-2,15
39298900,15
63515000,15
65300000,15
77320000,15
77200000,15
34121500-6,15
70123000,15
79950000,15
42416000-5,15
45222300-2,15
39151300-8,15
79530000,15
45332400,15
92110000,15
51310000-8,15
98341110-9,15
45213100,15
32353000-2,15
72220000,15
64100000,15
33168100-6,15
50332000-1,15
03121210-0,15
03451100-7,15
45120000,15
34928440-4,15
45212313,15
23121200-3,15
72514300-4,15
45212210-1,15
50532400-7,15
32523000-5,15
39293300-5,15
39500000-7,15
32322000,15
39831200-8,15
85210000,15
71800000,15
14212430-3,15
39155000,15
51110000,15
50880000-7,15
79417000-0,15
45244100-0,15
45233330-1,15
79421100-2,15
72261000,15
45262510,15
45247212-9,15
80533100-0,15
66110000-4,15
44811000,15
28120000-9,15
50312310,15
45122000-8,15
30192700,15
34115000-6,15
45213311-6,15
37535200,15
60400000-2,15
77342000-9,15
35100000-5,15
90511400,15
45450000-6,15
79550000-4,15
45236112-8,15
63710000-9,15
66110000,15
45241100-9,14
92310000,14
90721800-5,14
70330000-3,14
24311900-6,14
44611600-2,14
45234115-5,14
44921200-4,14
71351100-4,14
15880000-0,14
15113000,14
31121000,14
45111212-7,14
37310000-4,14
45251250-8,14
30195300,14
43328100-9,14
34140000,14
45232120,14
92522200-8,14
39111200-5,14
34144200,14
44100000,14
72246000,14
45112420-5,14
45233100,14
45112440-1,14
65110000-7,14
77120000,14
39715200,14
30125100-2,14
55523000,14
72700000,14
50310000-1,14
38341000,14
44110000,14
45223810,14
39300000,14
50400000-9,14
64216100-4,14
24931250,14
30121300-6,14
34144430,14
39298910-9,14
75250000-3,14
38421100,14
37520000,14
33141000,14
85100000-0,14
45262000-1,14
72315000-6,14
45246400,14
45233226-9,14
72200000,14
48219000-6,14
24613200-6,14
15530000-2,14
37311300-4,14
71311230-2,14
34144511,14
45331230-7,14
45262400,14
98394000-1,14
20310000-2,14
90121300-4,14
30197000-6,14
92312211,14
45233340-4,14
79412000,14
45213316,14
03451300,14
75250000,14
45262000,14
32429000-6,14
32420000-3,14
34350000,14
18512200-3,13
72420000-0,13
15872200-3,13
42964000,13
39122200-5,13
48921000-0,13
44111510-9,13
92140000-4,13
31640000-4,13
50114100,13
71315300-2,13
80531200,13
45234122-7,13
45232431-2,13
44114250-9,13
45262420-1,13
31518100,13
33183100-7,13
45248100-8,13
60110000-2,13
79200000,13
45500000,13
77231600-4,13
71315410,13
35113100-0,13
40412000-3,13
45233229,13
45212170,13
72610000,13
45232154,13
79112100-3,13
38500000-0,13
39715000,13
98390000,13
66114000-2,13
15930000-6,13
72243000,13
37820000-2,13
72421000-7,13
71540000-5,13
30199500-5,13
34900000-6,13
51314000-6,13
66336200-6,13
34114100-0,13
30120000,13
37535291-3,13
90492000-2,13
78100000-8,13
48180000,13
34926000-4,13
90913000,13
18412000-0,13
45252100,13
30234300,13
90121320-0,13
18930000,13
45216112-2,13
15842300,13
90522400,13
15211100-1,13
74250000-6,13
34500000-2,13
45261211,13
34928510-6,13
66512200-4,13
30216110-0,13
80411000-8,13
71510000,13
85311200-4,13
66518000-4,13
38652120-7,13
37311100-2,13
33711400,13
32562000-0,13
33192300-5,13
77230000-1,13
43210000-8,13
24957000-7,13
45431200-9,13
72210000,13
39141000,12
50241000,12
72130000-5,12
63120000-6,12
35111100-6,12
33620000-2,12
30190000,12
45212331,12
72416000-9,12
55100000,12
24954000-6,12
09331000,12
92511000-6,12
37412240-3,12
80550000,12
45216125,12
90513800,12
45261222,12
71313400,12
50830000-2,12
45212360-7,12
15811000-6,12
33112000-8,12
39220000,12
90733000-4,12
50760000-0,12
75100000,12
45421143,12
31310000,12
44112210-3,12
31311000-9,12
50117000-8,12
98371000-4,12
45237000,12
33141300-3,12
42415320-7,12
45252140-1,12
79900000-3,12
50112110,12
79410000,12
45214000,12
34138000-3,12
31712331-9,12
43312100-4,12
35821000-5,12
42962000-7,12
37451000-4,12
66512100-3,12
34924000-0,12
45262710-1,12
42961100,12
45233260,12
39831200,12
92522000-6,12
50111000,12
48200000-0,12
90711300-7,12
35111200-7,12
15820000-2,12
45232430,12
24111000-5,12
45331231-4,12
63511000-4,12
45232423,12
50313100-3,12
38652000-0,12
98380000-0,12
45259100,12
64120000,12
45234210-1,12
98370000,12
79811000,12
92332000-7,12
42415200-0,12
33696300-8,12
48218000,12
77110000-4,12
71900000,12
03451200-8,12
72310000,12
71240000-1,12
50114200-9,12
39222000,12
42000000-6,12
42415100-9,12
79630000,12
71317100,12
34115300-9,12
45111230,12
90114000-9,12
32510000-1,12
72253000,12
34111000-8,12
73220000-0,12
45232300,12
90731100-1,12
42160000-8,12
74131120-3,12
33771200,12
43251000-7,12
90530000-1,12
65400000-7,12
45421131-1,12
34324000-4,12
39153000,12
79940000,12
42512000,12
80540000,12
50514000,12
72810000-1,12
15884000,12
92111100-3,12
71321200-6,11
44162000-3,11
45317300-5,11
48730000-4,11
79970000,11
44112100,11
28213700-5,11
51314000,11
38433100-0,11
35111320-4,11
34144420-8,11
50330000-7,11
31522000,11
79132000-8,11
72212421-6,11
03419100-1,11
15331400-1,11
32421000-0,11
33111620,11
48952000-6,11
45242210-0,11
14500000-6,11
50343000,11
32260000-3,11
44163130-0,11
34928100,11
15100000,11
45111214-1,11
39141400-6,11
77112000-8,11
71000000-0,11
72262000,11
90513400-0,11
45246000,11
45112300-8,11
34920000-2,11
79625000,11
37411200-4,11
32000000,11
34115200,11
38970000,11
45316213-1,11
50413000,11
45212311,11
45252127,11
24955000-3,11
39120000,11
42962200-9,11
48160000-7,11
39290000,11
50116000,11
14212200-2,11
44221200-7,11
45247270,11
29873000-9,11
85147000,11
32571000-6,11
45255500,11
72212218-0,11
44512000-2,11
55241000,11
79421000-1,11
30160000-8,11
34224200-5,11
28812410-4,11
55320000,11
77000000,11
45222110-3,11
30234400,11
45213200-5,11
71000000-1,11
34144000,11
50410000-2,11
30213000-5,11
03450000-9,11
74221000-4,11
24954000,11
31440000-2,11
71318100-1,11
16810000,11
70122000-2,11
39312200-4,11
75242110,11
44212320,11
71313410,11
90511300,11
33696000-5,11
45331230,11
42131000-6,11
45232422-6,11
79971000,11
15119000,11
45213315-4,11
92312100-2,11
22112000,11
18820000-3,11
43328000-8,11
33750000,11
33141120-7,11
33198200,11
90410000-4,11
39515000-5,11
34144213-4,11
72422000-4,11
92622000,11
71354300-7,11
79320000-3,11
45233228,11
79341200,11
24110000-8,11
45251141,11
20320000-5,11
35121000-8,11
90733100-5,10
73430000-5,10
30237120-6,10
30214000,10
85312400-3,10
45233294,10
24300000,10
79000000,10
34996000-5,10
45231300,10
33194000-6,10
43261000,10
28812300-0,10
90711500-9,10
35111300,10
72150000-1,10
32550000-3,10
24213000-0,10
45112714,10
90513100-7,10
39311000,10
55521100,10
60640000-6,10
45234160,10
39111000-3,10
34640000,10
44112310-4,10
14210000,10
45234115,10
64213000-2,10
45510000-5,10
34144431,10
45214800-8,10
50421200-4,10
15894210,10
63500000,10
31731100-0,10
32428000-9,10
22100000,10
72253000-3,10
66513000-9,10
45452000,10
71356300-1,10
45213311,10
43323000,10
35811200,10
09211000,10
77312000,10
77231000-8,10
45232440-8,10
45212224,10
22200000,10
44500000-5,10
33191000,10
50116100-2,10
90460000,10
79511000,10
79415200,10
60113100-4,10
09132100,10
03200000-3,10
45251100-2,10
39190000,10
44800000,10
15321000-4,10
15812100-4,10
45212140-9,10
45317200-4,10
72262000-9,10
31200000-8,10
34927000-1,10
71316000,10
42995000-7,10
09111400,10
45233250-6,10
39700000-9,10
45112100,10
37412000,10
50190000-3,10
39143112-4,10
90520000,10
90911100,10
79956000,10
38432000,10
24110000,10
45233222,10
98133000,10
74231000-7,10
03110000-5,10
39515400-9,10
65111000,10
79992000-4,10
50241000-6,10
34113200-4,10
45261212,10
39142000-9,10
44531510-9,10
45442000-7,10
44221240,10
79900000,10
30131400-0,10
74131000-6,10
80310000-0,10
39330000-4,10
50222000-7,10
90500000-0,10
39811000,10
71730000-4,10
90732000-7,10
90913200-2,10
37412240,10
71315210,10
74233000-1,10
03410000,10
45233280-5,10
98395000-8,10
79961000,10
34114400,10
45262310-7,10
18530000,10
45262370-5,10
72415000,10
90714400-9,10
45243510,10
98351000,10
38424000-3,10
51300000-5,10
34115300,10
72322000-8,10
90121110-5,10
44115220-7,10
30192113-6,10
16600000,10
71243000-3,10
80562000-1,10
45213000-3,10
09200000,10
35125000,10
28825000-1,10
34430000,10
45213240,10
39831210,10
45317200,10
45243400-6,10
50312610-4,10
44613700,10
71530000,10
42410000,10
42418220-7,10
80561000-4,10
18832000-0,10
75110000-0,9
71315410-6,9
03313310-2,9
32200000-5,9
71340000-3,9
48110000-2,9
30211400-5,9
34113000-2,9
75112000-4,9
30192800,9
79822000,9
79512000,9
73100000-3,9
60181000,9
90000000,9
39156000,9
39800000,9
25253100-0,9
34130000,9
51310000,9
30122100-1,9
15842100-3,9
38433000-9,9
70333000,9
79723000-8,9
63516000-9,9
36535200-2,9
45233226,9
18000000,9
71311200,9
66516500-5,9
79132000,9
80531200-7,9
45213351,9
33141117-3,9
48822000,9
35120000,9
90511300-5,9
63712400,9
45232153-9,9
45222100,9
34144512,9
79611000,9
29835000-1,9
37481000-3,9
34996300-8,9
44212233-1,9
90312000-7,9
71351200-5,9
33130000-0,9
15115000-7,9
15893100,9
32232000-8,9
35125300,9
34352100,9
45247220-8,9
45234000,9
33700000-7,9
74843000-0,9
39162200-7,9
38410000-2,9
50333000-8,9
45246100-4,9
39154100,9
34115000,9
45112320,9
50112300-6,9
90714500-0,9
14212100-1,9
30199000,9
66518100-5,9
50116500,9
50112100-4,9
15981320-7,9
45236112,9
45262340,9
45223500-1,9
42716110-2,9
50411000-9,9
79410000-1,9
38300000-8,9
44521100-9,9
50433000,9
90211000-9,9
71351700,9
45213320-2,9
45233320-8,9
18141000-9,9
75121000-0,9
90121310-7,9
77210000-5,9
42515000-9,9
39715300,9
85142000-6,9
34142100-5,9
79971000-1,9
55512000-2,9
32570000-9,9
45252124,9
45223100-7,9
90710000,9
33192230-3,9
45247000-0,9
98311100-7,9
48443000-5,9
31527200,9
75240000,9
15112000,9
39122100-4,9
75251110-4,9
85321000-5,9
92312213,9
98341110,9
45216000,9
40410000-9,9
71314000,9
03220000,9
92521220,9
72212450,9
42933000-5,9
31000000,9
71323200-0,9
79411000,9
45442121-1,9
32420000,9
33141411-4,9
44424100-9,9
72514200-3,9
90914000-7,9
79414000,9
90914000,9
71221000-0,9
45212190-4,9
39713300-6,9
39221130-7,9
45233124-4,9
72150000,9
32353000,9
28111100-4,9
42512300-1,9
70321000-7,9
71325000-2,9
48920000,9
37420000-8,9
45231223-4,9
20300000-9,9
31625100,9
18937100-7,9
66517300-0,9
45262410,9
90920000-2,9
30232000-4,9
71351100,9
15880000,9
50312300,9
50246000-1,9
45216129-4,9
45213321-9,9
64211100-9,9
45237000-7,9
39522530,9
45261214-7,9
71222200-2,9
37300000-1,9
34400000-1,9
79212100,9
50112111-4,9
39296000,9
30144300,9
31642000-8,9
45431200,9
22213000-6,9
50222000,9
34210000,9
39713410,9
92130000-1,9
63121100-4,9
45314310-7,9
45351000-2,9
32354500-4,9
75251110,8
72511000-0,8
79624000-4,8
72212160-8,8
79971200-3,8
39811100-1,8
80590000-6,8
39713100-4,8
45233223,8
50510000-3,8
31640000,8
90450000-6,8
39181000-4,8
50413000-3,8
15812000-3,8
35112000-2,8
71355200,8
45233252-1,8
45247212,8
48151000-1,8
48440000-4,8
45211300-2,8
38540000-2,8
15833100-7,8
33164000-7,8
22440000,8
74141520-0,8
22990000-6,8
45234200-8,8
90690000,8
18420000,8
45234127,8
39511100,8
70332000-7,8
14820000-5,8
42130000,8
90481000-2,8
33692000,8
43324100,8
79622000-0,8
71631100,8
30238000-6,8
74223000-8,8
50411100-0,8
80413000-2,8
44482200-4,8
03114100-4,8
30231300-0,8
42612000-9,8
70130000,8
48219300,8
15220000-6,8
79635000-4,8
45332200,8
39832000,8
45213220-1,8
34144710,8
39221110,8
34520000-8,8
45214230-1,8
37310000,8
24455000-8,8
39560000,8
60113300-6,8
32412000-4,8
37441800-9,8
90919000-2,8
39224330,8
79932000-6,8
71313000-1,8
50240000,8
45214300,8
51700000,8
39512000-4,8
45421145-2,8
50230000,8
45251120-8,8
45243300-5,8
44113810-6,8
51410000-9,8
45243110,8
33124110-9,8
34922000,8
50510000,8
44611400-0,8
80561000,8
98341130-5,8
44192000-2,8
85311000,8
34111200-0,8
72230000,8
44160000,8
79416000,8
35111000,8
14212210-5,8
35125100-7,8
71510000-6,8
03222117-6,8
32552600,8
31610000-5,8
44621220-7,8
42630000-1,8
72420000,8
30199500,8
14212410,8
45112410-2,8
45232220-0,8
85323000-9,8
92111000-2,8
65120000,8
18222000-1,8
48311000-1,8
45236100-1,8
45221111,8
45233300,8
66516500,8
32351200-0,8
22462000,8
65130000,8
34310000-3,8
98392000-7,8
66518200-6,8
45241100,8
63712100-4,8
79212200-5,8
63712710-3,8
71352000,8
45212421-3,8
34922100,8
34142000,8
74313100-7,8
39155100,8
34928200,8
50531200-8,8
48441000-1,8
63521000,8
45234000-6,8
34631000,8
38432000-2,8
15551000-5,8
75241000,8
34200000-9,8
71355100-2,8
90491000,8
33661000-1,8
75123000,8
90714500,8
45233161,8
39515000,8
64215000,8
90715200,8
45316212,8
44211000,8
79990000-0,8
45315600,8
50330000,8
14700000-8,8
31100000-7,8
24911200-5,8
44163160-9,8
48732000-8,8
78240000-1,8
15111000,8
31711000-3,8
15131000-5,8
55500000,8
38343000,8
22458000,8
44212321-5,8
34131000-4,8
71251000-2,8
77211300,7
38520000-6,7
66518100,7
90513600,7
36153110-2,7
98900000-2,7
39370000,7
63511000,7
80590000,7
44212382-0,7
31520000,7
33185000-0,7
98341100-6,7
33691000-0,7
30199710-0,7
33190000-8,7
48780000-9,7
79132100-9,7
29370000-3,7
64221000,7
45232142-9,7
48800000,7
15811200-8,7
34220000-5,7
50531300,7
74231800-5,7
71356000,7
72252000,7
71353200-9,7
32360000,7
32582000-6,7
34921100-0,7
72318000-7,7
71244000-0,7
72421000,7
79211110,7
35111200,7
45223720-9,7
92500000,7
34928320-7,7
98300000,7
72212421,7
45111213-4,7
79993000-1,7
45442000,7
09111220-8,7
34953000-2,7
64211200-0,7
15821200-1,7
09330000-1,7
71322000,7
39717000-1,7
39110000,7
45111200,7
28813320-3,7
48613000-8,7
15895000-8,7
15894700,7
71355000,7
45232421,7
32560000-6,7
74232310-0,7
72514000,7
74312000-9,7
34114121-3,7
55200000-2,7
79512000-6,7
39713200-5,7
39161000,7
50112200-5,7
45111300-1,7
72319000,7
45341000,7
45213351-8,7
79934000-0,7
42991000,7
90712100-2,7
31400000,7
34136200,7
03325000-3,7
45252130,7
03111000,7
38431100-6,7
37524000,7
03222300-6,7
92510000-9,7
80560000-7,7
66130000-0,7
32330000-5,7
03222000-3,7
45513000-6,7
42420000-6,7
45333000-0,7
16311000-8,7
71200000-1,7
43328100,7
74142110-0,7
15332100-5,7
73210000-7,7
39225700-2,7
90524000-6,7
32562200-2,7
34134000-5,7
63111000,7
73220000,7
44000000,7
18412000,7
34143000,7
45215120-4,7
31518000-0,7
22462000-6,7
28812200-9,7
37450000-7,7
65500000,7
15980000,7
79540000,7
09222000-1,7
44613400-4,7
44164310-3,7
09134220,7
71356400-2,7
03417100-7,7
15131130-5,7
48611000-4,7
66514150-2,7
45262350-9,7
42933300-8,7
66131000-7,7
22120000-7,7
33182240-3,7
18424000-7,7
15900000,7
50118110,7
32342400-6,7
45261222-6,7
44175000,7
44170000-2,7
39230000-3,7
79960000,7
92312230-2,7
70122200-4,7
09000000,7
50420000-5,7
45314300,7
45421148,7
71631440-6,7
98380000,7
37311100,7
33700000,7
51500000,7
34312500-2,7
15310000-4,7
03142500,7
35815100-1,7
32425000-8,7
48445000-9,7
42968200-1,7
71311230,7
80415000-6,7
72212600-5,7
34139100,7
98395000,7
45251200,7
45262340-6,7
66500000-5,7
34144910-0,7
35121700,7
24440000,7
34133000-8,7
32427000-2,7
15200000,7
41120000-6,7
45421110-8,7
35111500-0,7
50600000-1,7
03113100-7,7
22867000-5,7
45247120-7,7
45333000,7
63120000,7
42123000-7,7
90523000,7
72212200-1,7
44113310,7
45212213-2,7
34144210-3,7
45112450,7
42652000-1,7
44423450-0,7
30197644,7
79311410-4,7
34996000,7
74264000-7,7
45432200-6,7
30213200-7,7
45212140,7
72242000-3,7
34223300-9,7
42642100,7
71354200-6,7
51540000-9,7
48931000,7
45242000-5,7
15115100-8,7
22458000-5,7
45233160,7
42131160-5,7
45315100-9,7
79520000,7
15333000-1,6
45221200-4,6
34980000,6
72316000-3,6
45316200,6
60200000-0,6
72212211-1,6
64110000,6
03111900-1,6
45251250,6
33692400-1,6
03111100-3,6
45255400-3,6
30121200-5,6
90530000,6
34431000-7,6
35310000,6
38434000-6,6
15894100-2,6
15884000-8,6
42520000-7,6
79932000,6
48422000-2,6
79112000,6
30213100,6
63733000-6,6
19000000-6,6
42961000-0,6
66515100-4,6
50512000-7,6
71245000-7,6
33696200-7,6
50532300-6,6
79320000,6
42996900-3,6
77700000-7,6
44221400,6
45221100,6
34640000-5,6
48331000-7,6
72315100-7,6
30231100-8,6
42997300,6
50310000,6
45221230,6
77231200-0,6
45262200,6
79511000-9,6
90715200-4,6
32522000-8,6
90731100,6
45213400,6
03144000-2,6
31531000-7,6
43000000-3,6
77111000-1,6
79416100-4,6
15512000-0,6
30241000-0,6
63724310,6
45250000-4,6
15331000-7,6
45432210,6
33196100-1,6
45215500,6
30232110-8,6
24315000-5,6
44163000,6
71334000,6
38431000-5,6
45213315,6
15200000-0,6
79140000,6
72232000,6
20240000-1,6
45252120,6
45234121,6
92111100,6
55512000,6
33182210-4,6
45211360,6
74231540-4,6
38432200,6
72411000,6
32545000-5,6
15810000,6
33141760,6
71331000-7,6
50514200-3,6
79720000-7,6
72611000,6
34120000-4,6
34928470-3,6
42122300-3,6
45231600,6
50200000-7,6
15555000-3,6
34351000-2,6
71221000-1,6
85140000-2,6
03413000,6
34921000,6
44112500-3,6
03400000-4,6
45421145,6
45112440,6
42650000-7,6
79211100,6
45215110-1,6
45432120-1,6
90720000,6
32320000-2,6
90531000-8,6
45421142,6
30197600-2,6
31521000-4,6
15870000-7,6
44112240-2,6
66514100-7,6
79421200,6
09122100,6
48160000,6
44910000-2,6
45223600,6
45452100-1,6
15130000-8,6
63731000-2,6
48730000,6
92330000-3,6
39142000,6
42511110,6
45221241-3,6
42124150-0,6
45112400,6
71322300-4,6
44212310,6
79417000,6
07124000-2,6
03211300-6,6
71321100-5,6
38430000-8,6
03221000,6
37420000,6
74114000-1,6
34928300,6
50760000,6
71351900-2,6
92330000,6
45214310-6,6
42123400-1,6
90641000-2,6
44190000,6
30211300,6
37535290-6,6
33650000-1,6
33122000,6
71321100,6
50114000,6
80533100,6
34928472-7,6
50341000,6
60424120,6
39711100-0,6
33141700-7,6
39330000,6
31523200-0,6
30195600-8,6
48612000-1,6
45246500-8,6
42510000-4,6
77231000,6
39222200-6,6
98133000-4,6
85200000,6
42716000-8,6
42521000,6
44610000,6
15540000,6
71313100-6,6
34900000,6
39221100-8,6
22114000-2,6
38292000,6
42670000-3,6
45211310,6
66332000-6,6
35113300-2,6
34113000,6
55221000,6
70100000,6
33196200,6
60400000,6
45232000-2,6
09134230-8,6
71631480-8,6
72512000,6
24955000,6
03322300-5,6
24951000,6
24311520-8,6
44221100-6,6
90712400,6
48600000,6
42961300,6
72315200-8,6
92122000,6
24513000-3,6
98500000-8,6
34421000,6
39154000,6
39550000-2,6
42415310-4,6
45261220,6
24951100-6,6
44221240-9,6
67123000-5,6
34121100-2,6
79822000-2,6
45112400-9,6
42913000-9,6
39711110-3,6
38300000,6
48444100-3,6
72510000-3,6
92620000,6
15112130-6,6
39141500-7,6
90513300-9,6
45213140,6
90711200-6,6
63710000,6
72319000-4,6
16310000-1,6
22800000,6
24310000-0,6
39173000-5,6
39224340-3,6
48332000-4,6
44912400-0,6
37442000-8,6
71351923-2,6
45236200-2,6
44613210-5,6
44163230-1,6
98363000-5,6
90500000-1,6
79342410-4,6
24111900,6
79723000,6
64111000-7,6
33195100-4,6
92111250-9,6
28824000-4,6
18810000-0,6
90714000,6
48311000,6
44212317-4,6
30131400,6
38720000,6
92610000,6
50116100,6
32562300-3,6
45316213,6
15332400-8,6
28815200-0,6
45248400-1,6
45255400,6
16100000,6
39143000-6,6
45212220,6
74271800-7,6
44113140-8,6
45236110-4,6
34121500,6
34224200,5
34980000-0,5
39113000-7,5
38653400-1,5
48700000-5,5
64211100,5
65310000,5
09131000-6,5
75124000-1,5
42122000,5
44112600-4,5
38653300,5
38420000-5,5
72317000-0,5
45232451,5
24400000,5
63512000-1,5
33169000-2,5
32540000,5
45234120,5
85311000-2,5
45233250,5
60112300-9,5
39713300,5
63711000-6,5
32351200,5
44221200,5
03222313-0,5
15111100,5
30197643,5
72222000-7,5
30100000,5
44113300,5
14612300-7,5
30237300,5
70330000,5
34922110-0,5
45234250-3,5
75100000-7,5
34136100,5
14211000-3,5
72300000,5
45221115,5
78225000-0,5
03417000-6,5
65500000-8,5
30125110-5,5
45233253,5
43320000-2,5
22212000,5
42996900,5
39143200-8,5
63700000,5
14213000-7,5
45222110,5
79311300-0,5
45233225,5
24000000,5
15119100-6,5
34144800-6,5
45315400-2,5
90110000-1,5
79957000,5
71313410-2,5
72212110-3,5
34931000-2,5
98910000-5,5
79210000,5
22315000-1,5
15211100,5
39155100-4,5
45213314-7,5
37411200,5
50532300,5
09134210-2,5
39350000,5
14212400-4,5
45221240-6,5
30162000-2,5
15894000,5
30213300,5
24312122,5
30199230,5
42413500-9,5
71247000,5
74611000-5,5
45254200-4,5
65410000-0,5
32424000,5
42416120-2,5
72212510-7,5
51514110-2,5
19522000-1,5
44163121-4,5
98341130,5
90513200,5
64228200,5
45253800-3,5
45242100-6,5
64121000-0,5
31172000-2,5
72315100,5
98513310-8,5
60600000-4,5
80533000-9,5
51611100,5
38410000,5
79951000,5
45216129,5
31213200-4,5
50113000-0,5
72212200,5
38421000-2,5
16311000,5
45231500-0,5
45233125-1,5
50118000-5,5
34922000-6,5
44613400,5
80400000-8,5
33151200,5
18140000-2,5
45262220,5
39291000-8,5
72417000-6,5
34928440,5
15411100-3,5
38112100-4,5
66512100,5
14711000-8,5
43250000,5
45211370-3,5
30192113,5
35112100-3,5
25221100-7,5
24931250-6,5
31620000-8,5
77230000,5
15860000-4,5
45213314,5
45213250-0,5
45351000,5
32561000-3,5
31155000,5
48760000-3,5
79961200-0,5
77112000,5
03222117,5
80000000,5
60171000-7,5
38431000,5
90715000-2,5
44480000,5
73120000-9,5
42416210-0,5
15332270-7,5
18400000-3,5
44212100-0,5
77231500-3,5
42415320,5
34993000-0,5
38900000-4,5
66122000-1,5
03451200,5
39111200,5
45262211-3,5
45234100-7,5
50112300,5
70000000-8,5
50532100-4,5
34931100-3,5
72512000-7,5
32320000,5
34920000,5
31682540-7,5
92521200,5
37412242-7,5
45241000-8,5
42716000,5
44411000,5
90670000-4,5
18443500-1,5
72212450-8,5
98110000-7,5
34135000-2,5
80522000-9,5
48500000-3,5
45247210-5,5
22500000,5
39131000-9,5
15131500-0,5
50432000-2,5
44212317,5
33158210-7,5
33157000-5,5
15542000-9,5
45234129,5
71631460-2,5
44113200-7,5
45233127-5,5
33192000,5
42912310-8,5
48326000-9,5
45222300,5
15894000-1,5
45323000,5
45234210,5
71351610-2,5
45432113,5
45221242-0,5
03222110-7,5
39515410-2,5
44160000-9,5
39113600-3,5
90712100,5
45251000-1,5
44480000-8,5
34928330-0,5
39522100-8,5
43312100,5
44423460-3,5
45214710-0,5
39515100-6,5
72211000,5
71311240,5
45234129-6,5
85311100,5
85111000-0,5
44832100-2,5
72311100,5
70121000,5
39831300-9,5
22312000-0,5
33192100-3,5
90722300-7,5
85312300,5
45243600-8,5
32323300,5
44613600-6,5
34352300-2,5
44162000,5
33772000-2,5
39299000-4,5
18220000-7,5
33162100,5
79211000,5
55322000,5
42120000,5
39540000-9,5
50312600,5
30214000-2,5
71354100,5
18331000-8,5
32500000,5
39312000-2,5
60443000-5,5
71311240-5,5
90721600-3,5
34144520-9,5
45112310-1,5
38652100-1,5
44300000-3,5
65200000,5
45212322-9,5
22800000-8,5
30192111-2,5
79961200,5
19500000-1,5
43200000-5,5
37453600-4,5
45213240-7,5
45221115-1,5
74222200-3,5
90212000-6,5
79131000-1,5
15981100-9,5
90731000,5
29715000-4,5
45243500-7,5
14310000-7,5
39298700-4,5
30191000-4,5
55511000-5,5
33954000-2,5
72315200,5
45221230-3,5
44191000,5
48421000-5,5
00048031-0,5
92112000,5
39812100,5
15812200-5,5
71251000,5
44611000-6,5
39180000-7,5
90732000,4
42968100,4
45112310,4
44210000-5,4
30144400-4,4
51511300-0,4
24313400-5,4
63712320-2,4
16800000-3,4
79500000-9,4
33681000-7,4
39340000-7,4
72212700-6,4
44512930-0,4
44610000-9,4
35113200,4
03142000-8,4
39700000,4
32260000,4
34114100,4
72222100,4
64216110-7,4
45247230-1,4
32354500,4
03321000-5,4
34221000-2,4
90919000,4
33761000-2,4
74233200-3,4
30197642-8,4
31527210-1,4
44112410,4
42122220-8,4
50118400-9,4
39298910,4
22460000-2,4
48161000-4,4
79951000-5,4
45212421,4
39710000,4
50314000,4
35262000-8,4
42400000,4
39715240-1,4
44812000-5,4
32412100,4
03417100,4
50316000-3,4
15981310-4,4
60171000,4
32351000-8,4
55210000-5,4
55511000,4
44921000,4
14212120-7,4
09133000,4
79420000,4
90911100-7,4
90732300-0,4
38424000,4
33183300-9,4
45252300-1,4
45213313,4
50413100,4
85140000,4
31530000,4
44330000-2,4
75112000,4
63712000-1,4
42921300-1,4
40220000-0,4
77700000,4
31300000-9,4
42514310-8,4
77314100-5,4
45262420,4
00000000-1,4
79971200,4
75131000-3,4
18443000-6,4
51112000,4
79634000-7,4
30122200-2,4
28100000-3,4
27726220-8,4
15811510-4,4
44921200,4
44221300,4
44111520,4
71315000,4
98396000,4
45317100,4
45212213,4
72212220-7,4
15312100-9,4
71354300,4
72212422-3,4
73210000,4
34951000-8,4
22454000,4
48813000-0,4
45262900,4
79211000-6,4
31625200,4
72312000-5,4
15811511-1,4
48326100-0,4
15894300,4
72910000,4
37300000,4
48931000-3,4
92210000-6,4
34152000,4
45212600-2,4
45112600,4
80410000,4
38652000,4
45223700-3,4
45212500,4
43830000-0,4
37524700-4,4
44113000-0,4
42900000,4
30121300,4
45112722-2,4
50531400,4
31712331,4
34620000,4
37535291,4
15131200-7,4
15612500,4
50225000-8,4
45221250-9,4
39121200-8,4
80411200-0,4
45112210-0,4
44521100,4
42415110,4
45214500-5,4
42350000-4,4
44114000,4
34970000-7,4
51510000,4
33141800-8,4
74233600-7,4
72810000,4
35300000,4
23000000-7,4
66515411-7,4
72240000,4
30231000-7,4
34631000-9,4
79934000,4
16000000,4
50532200-5,4
18410000,4
98342000,4
30192170-3,4
39514300-1,4
63520000-0,4
50333200,4
42417200-4,4
15820000,4
24450000-3,4
48627000-9,4
70120000,4
45215143-1,4
45212150,4
90410000,4
15235000-4,4
79315000-5,4
60444100-3,4
32223000,4
34928530-2,4
42513200-7,4
43315000,4
71314310-8,4
44113910,4
45112712,4
72320000,4
33152000-0,4
33169100-3,4
03117200,4
42160000,4
45234220,4
19520000,4
34931000,4
44212261-6,4
34431000,4
15871200-6,4
90513700,4
45332300-6,4
35123400-6,4
45451100-4,4
72227000,4
42416000,4
42415310,4
42992000-6,4
30193700-5,4
31230000,4
50514000-1,4
71631460,4
44423200-3,4
32300000,4
15551000,4
34432000-4,4
15221000-3,4
50229000-6,4
44113810,4
55200000,4
45213320,4
79930000-2,4
38554000,4
90111200-0,4
71355100,4
60114000-0,4
79212110-7,4
33696200,4
33122000-1,4
98392000,4
72514100,4
34999400-0,4
44164200-9,4
44221300-8,4
50600000,4
24452000-7,4
51340000-7,4
31711140-6,4
45262521,4
15910000,4
85150000-5,4
48219000,4
29331110-2,4
15131700-2,4
70310000,4
71351600,4
15871260-4,4
34928000-8,4
31518600-6,4
72212420,4
48610000-7,4
09122200-2,4
20006297-1,4
50342000-4,4
45214610,4
24400000-8,4
60640000,4
55250000-7,4
42923000,4
42415100,4
24911200,4
77900000-9,4
45223700,4
37820000,4
72230000-6,4
79700000,4
71328000-3,4
71223000-3,4
45233130,4
90733000,4
31141000-6,4
71351910-5,4
45213300,4
72212517-6,4
45243000-2,4
45232220,4
38931000-0,4
79211110-0,4
72212445-0,4
33751000,4
24954100-7,4
42700000,4
44113700-2,4
50531300-9,4
44114250,4
33793000-5,4
24958200-6,4
42414110-5,4
03419000-0,4
48442000-8,4
09211100,4
44113330-7,4
72253200-5,4
43220000-1,4
77231400,4
31515000-9,4
42990000,4
50341200,4
45233270-2,4
74750000-1,4
09323000,4
42995100-8,4
14810000-2,4
66331220-7,4
19212300-8,4
80521000-2,4
85100000,4
39831000-6,4
24511310-5,4
45213400-7,4
42924740-8,4
30192400,4
14300000,4
38425000-0,4
38221000,4
45421111-5,4
03441000,4
98371111-5,4
63110000,4
92370000,4
79211100-7,4
28811400-4,4
31224400-6,4
90715000,4
80310000,4
42120000-6,4
44421300-0,4
34996300,4
28211600-0,4
30197620-8,4
60444100,4
39143112,4
33670000-7,4
37416000,4
65510000-8,4
37800000-6,4
71700000-0,4
77300000,4
24960000-1,4
90911200-0,4
45312311,4
71400000-1,4
35220000-2,4
39143100-7,4
44163160,4
72212520,4
39713430-6,4
37535000-7,4
51000000,4
33192160-1,4
66518200,4
37316000-6,4
70000000,4
85142300-9,4
98371000,4
43251000,4
45212120-3,4
39711000-9,4
33123000-8,4
50200000,4
45241000,4
48814000-7,4
22212100,4
30162000,4
42933000,4
29852000-6,4
35125000-6,4
90521400-9,4
31682230-1,4
79822200-4,4
25222100-4,4
45233210-4,4
77342000,4
23121000-1,4
03211000-3,4
33141117,4
50244000-7,4
72222100-8,4
42416300-8,4
71351811-1,4
98311000,4
15331100-8,4
44112230-9,4
30234500-3,4
15332200-6,4
71314200,4
19420000-6,4
44230000,4
50114100-8,4
39525200-0,4
90524300,4
39522110-1,4
44233000-2,4
33252110-5,4
44113120-2,4
42959000,4
79112000-2,4
31440000,4
33196200-2,4
79716000-6,4
38432300-5,4
28112233-2,4
79418000,4
34113300-5,4
22315000,4
37411120-9,4
74222000-1,4
74142000-6,4
71350000,4
66338300-1,4
44113600-1,4
32223000-2,4
92312100,4
45421160-3,4
33696000,4
71351000,4
48810000,4
50190000,4
18230000-0,4
44920000-5,4
39831240-0,4
09121200,4
16710000-5,4
45211000-2,4
45223800,4
70300000-4,4
34926000,4
31712341-2,4
85110000-3,4
37412260-9,4
71321000,4
03222111-4,4
42415000-8,3
45262900-0,3
66339400-9,3
44114200,3
45262520-2,3
15612000-1,3
33151400,3
18811000-7,3
18900000-8,3
48782000-3,3
45261214,3
50340000,3
44521110-2,3
38550000-5,3
60210000-3,3
44470000,3
39152000-2,3
45231223,3
44115710-9,3
72212445,3
14400000-5,3
48821000-9,3
34421000-7,3
31531000,3
42924740,3
03311210-7,3
33184200,3
18512200,3
39112000,3
60112200-8,3
44163130,3
35811100-3,3
32543000-1,3
32442000-3,3
42933100-6,3
44167000,3
44111200,3
32421000,3
45232210-7,3
15210000,3
45223600-2,3
15897000-2,3
48820000,3
45247230,3
71632000-7,3
66515100,3
75251100,3
79995100,3
34223330-8,3
90712500-6,3
44614100,3
55900000-9,3
15840000-8,3
15330000,3
72212960-6,3
45223821-7,3
33690000,3
60112000-0,3
18444110-7,3
70121000-5,3
45111240-2,3
44164100-8,3
90731400-4,3
42522000-1,3
32344000,3
74252000-2,3
09211100-2,3
66600000,3
45112713-6,3
43260000-3,3
44221230-6,3
38433100,3
44211110-6,3
50313100,3
38434500-1,3
45236300-3,3
45236114-2,3
45252122-9,3
32441000-6,3
71315100,3
33741300-9,3
72710000,3
33184000-3,3
34352200-1,3
25247000-4,3
42632000-5,3
31642000,3
90480000-2,3
51900000-1,3
22500000-5,3
32581000-9,3
80531000-5,3
32235000-9,3
80522000,3
45231221-0,3
60150000-4,3
70331100-1,3
64111000,3
45421153-1,3
31700000,3
45331221-1,3
79551000,3
34600000-3,3
45233144-0,3
51210000,3
50240000-9,3
45252125,3
98351100-9,3
45262680-1,3
36950000-5,3
35200000,3
44113910-7,3
28811500-5,3
39171000-1,3
64220000-4,3
66300000-3,3
50116000-1,3
15333000,3
34928220,3
45232470,3
48214000-1,3
39515400,3
37441300-4,3
45221117-5,3
60651100,3
16310000,3
34114122-0,3
31682100-1,3
32351300-1,3
66514150,3
42417000-2,3
72222000,3
11111112-2,3
22459100-3,3
40420000-2,3
45312300,3
34411000,3
31711000,3
92312230,3
39224340,3
44600000-6,3
15982000,3
42716100-9,3
09320000-8,3
72710000-0,3
38600000-1,3
72314000,3
33000000,3
90640000,3
34520000,3
45315200,3
72212180-4,3
64122000-7,3
45262600,3
22610000-9,3
65000000,3
18113000-4,3
18220000,3
35111520-6,3
37314000-2,3
44423000,3
50117100-9,3
37441300,3
24430000-7,3
34422000-7,3
15400000-2,3
48210000-3,3
64216000-3,3
24311900,3
45221200,3
28211400-8,3
44113700,3
44141000,3
44113130-5,3
34999400,3
90430000-0,3
45343220-1,3
36100000-2,3
31681400-7,3
32340000-8,3
42341000-8,3
93000000-8,3
25122310-8,3
90660000-1,3
29813200-3,3
90731800,3
50830000,3
44114100,3
48440000,3
45234170,3
37411140-5,3
71321300,3
77211600,3
42113120,3
37481000,3
90732400,3
90722000,3
18200000-1,3
15111200,3
50112120,3
72313000-2,3
45232200,3
32300000-6,3
44115310-5,3
50531200,3
33192400-6,3
76211100-6,3
38431200,3
32351000,3
45442190-5,3
79212110,3
50300000-8,3
15700000-5,3
39221200-9,3
90715100-3,3
19231000,3
77211100,3
80562000,3
15861000-1,3
34928480-0,3
42122130-0,3
63712700-0,3
45233262,3
48510000-6,3
44613110-4,3
92111000,3
34923000,3
50312410,3
09134210,3
45215000,3
44164000-7,3
50113000,3
66512220-0,3
92200000,3
45121000-1,3
31625300-6,3
33710000-0,3
90917000-8,3
72212610,3
48421000,3
30249410-3,3
34924000,3
31212000-5,3
35260000,3
79963000-2,3
45112200-7,3
42511100-2,3
71731000-1,3
29715200-6,3
92200000-3,3
25111000-2,3
85142300,3
32330000,3
45262370,3
31523000-8,3
51511000-7,3
34121000,3
72212210-4,3
33156000-8,3
30231200,3
72100000-6,3
45122000,3
70120000-8,3
72130000,3
45236100,3
37412260,3
79613000-4,3
79550000,3
45111212,3
30131200,3
39514000-8,3
35810000-5,3
73300000,3
71610000,3
50246200-3,3
15941000-6,3
72416000,3
48420000-8,3
18130000,3
33711000-7,3
33652000-5,3
34522150-8,3
45233110-3,3
32584000,3
44921300-5,3
24951100,3
33132000-4,3
79112100,3
45212223-5,3
51611100-9,3
35261100-2,3
09332000,3
37000000,3
66100000-1,3
79999100-4,3
73111000-3,3
75125000,3
18333000-2,3
33610000-9,3
48300000,3
24311411-1,3
09110000-3,3
63111000-0,3
72242000,3
34962230-9,3
72212517,3
02510000-2,3
39113100,3
22820000,3
90711100-5,3
30231300,3
03414000-5,3
72800000-8,3
71351220,3
44500000,3
50314000-9,3
93411100-3,3
45233280,3
45112721-5,3
44423450,3
72514300,3
34940000,3
98341000-5,3
33141500-5,3
45421147,3
34138000,3
34133100-9,3
15860000,3
44112000,3
48221000-3,3
72422000,3
38433000,3
35113000,3
31527000,3
45343230-4,3
48223000-7,3
39315000-3,3
71313000-0,3
48813200-2,3
38430000,3
38650000-6,3
09210000,3
15112310-2,3
45213210-8,3
80580000-3,3
38552000-9,3
25234000-0,3
90731800-8,3
42611000-2,3
42414310,3
72212420-9,3
14212200,3
42131146-1,3
67261100-5,3
33622000-6,3
18937100,3
03461000-9,3
45261200,3
34930000,3
14000000-1,3
72232000-0,3
42214100,3
51511000,3
44212313-6,3
67211000-9,3
22210000,3
71323000-8,3
22457000-8,3
38543000-3,3
48190000,3
72212520-0,3
71421000-5,3
45213310-9,3
34139000,3
37524100,3
79221000-9,3
15311000-1,3
74225000-2,3
42141600,3
34522000,3
45317300,3
92331000,3
45317400,3
75252000-7,3
51100000-3,3
45234200,3
45248000-7,3
74313000-6,3
34515000-0,3
48329000-0,3
44921300,3
80200000-6,3
39200000,3
03321200-7,3
45214630,3
39141500,3
32360000-4,3
18512000-1,3
43500000-8,3
50333000,3
38120000,3
71270000-2,3
45211310-5,3
90711400-8,3
31681200-5,3
64000000,3
44618500-0,3
34152000-7,3
15331480-5,3
48620000-0,3
44424100,3
48451000,3
75121000,3
14212410-7,3
51500000-7,3
48220000-6,3
31110000,3
42123000,3
39230000,3
33131100-8,3
30221000-4,3
42913000,3
65100000,3
42700000-3,3
35311400-1,3
42716110,3
24112100-3,3
09134220-9,3
39520000,3
34928472,3
67212000-6,3
43325100,3
85311200,3
42912000-2,3
22121000-4,3
70332200-9,3
33651610-7,3
32540000-0,3
37322300-4,3
42511000-1,3
79992000,3
28527400-6,3
37532000-6,3
45421147-6,3
45212172-2,3
98371120-1,3
35125100,3
15881000-7,3
51121000-6,3
34000000,3
14622000,3
45212340-1,3
98311100,3
35330000-6,3
32250000,3
79610000,3
38510000-3,3
72212326,3
31120000-3,3
33252400-5,3
90122000-8,3
72212218,3
45112410,3
98133110-8,3
50340000-0,3
42415200,3
15813000-0,3
15211000-0,3
63121100,3
24957200-9,3
48781000-6,3
51210000-7,3
79551000-1,3
30121000-3,3
35113100,3
14700000,3
66511000,3
22210000-5,3
15551300,3
31720000,3
45236210-5,3
48211000-0,3
33711400-1,3
45248000,3
64112000-4,3
45261320,3
39143110-0,3
39293300,3
92340000-6,3
72312000,3
50210000-0,3
42113120-1,3
45233262-3,3
22000000,3
30213200,3
45442200-9,3
24613200,3
34972000-1,3
34923000-3,3
14820000,3
44212000-9,3
15331480,3
45259300-0,3
71244000,3
42414410-8,3
51800000-0,3
45213312-3,3
42641000-1,3
15112140-9,3
45223500,3
42131160,3
74276200-6,3
50413100-4,3
50117100,3
79610000-3,3
34136000-9,3
34144800,3
15893000-4,3
38950000,3
50334000-5,3
42416500-0,3
33741100-7,3
45223200,3
35721000,3
18141000,3
03222333-6,3
79132100,3
38290000-4,3
90315300-1,3
24313220-9,3
63513000-8,3
33128000-3,3
22400000-4,3
50300000,3
48430000-1,3
32441000,3
48811000-6,3
45248400,3
48781000,3
15312200-0,3
42513200,3
31110000-0,3
71313450,3
44613000-0,3
35710000-4,3
79212200,3
75251100-1,3
66337100-2,3
90712000,3
79993100,3
33680000,3
33162000-3,3
98351110,3
45215110,3
71351924,3
44113000,3
34137000-6,3
79571000-7,3
79430000-7,3
79990000,3
30199750,3
51300000,3
72322000,3
50411000,3
66336000-4,3
90711300,3
51220000-0,3
14511000-6,3
63110000-3,3
15131100-6,3
51220000,3
30123200-9,3
33111620-3,3
85322000-2,3
34121200,3
42320000-5,3
44212250-6,2
44170000,2
44618500,2
18936000-9,2
35112000,2
48921000,2
18410000-6,2
71351610,2
67151000-0,2
92312240,2
32412120-1,2
50115000-4,2
72224100-2,2
38432300,2
90915000-4,2
71631480,2
15131210-0,2
75314000-0,2
42968000,2
03222000,2
50246000,2
44112210,2
30231200-9,2
42200000-8,2
15131620-7,2
51000000-9,2
33651630-3,2
42131300-9,2
42122180-5,2
71351800,2
50111110-0,2
72212170,2
32551400-4,2
72212730-5,2
66170000,2
79993000,2
77311000,2
30121100-1,2
44614100-8,2
35810000,2
45212310,2
92340000,2
03114000-3,2
85111810-1,2
71351700-0,2
44212300-2,2
32520000-4,2
73110000,2
44482000-2,2
85149000-5,2
30122000-0,2
33181100-3,2
60117000-1,2
09111300-3,2
15712000-2,2
44613600,2
42636100,2
55220000-8,2
42968200,2
36633000-7,2
48213000,2
30220000-7,2
50224000,2
34312000,2
32352100-6,2
72410000-7,2
90913100,2
44613300-3,2
31321300-5,2
15700000,2
30232140-7,2
36312000-1,2
45233141-1,2
37412270-2,2
50111100,2
66514120,2
44512000,2
39143121,2
29851330-1,2
50317000-0,2
31681000-3,2
50740000,2
43210000,2
42996500,2
34111100-9,2
44165100-5,2
64200000-0,2
38412000-6,2
45432112-2,2
02100000-5,2
03432000-7,2
77210000,2
45212000-0,2
39293400-6,2
51120000-9,2
24111600-1,2
71351710-3,2
66100000,2
38432200-4,2
36671000-5,2
98393000-4,2
34223300,2
34992300,2
03440000-6,2
14213100-8,2
71321200,2
90917000,2
15872000-1,2
45112300,2
09122000,2
34928410-5,2
32324400,2
15812000,2
33124130-5,2
34941300-8,2
15550000-0,2
34514700-0,2
35111320,2
45233125,2
35113490-0,2
90492000,2
42417100-3,2
42514000-2,2
39263100-4,2
71351220-1,2
72212440,2
34324000,2
45112420,2
45235320-2,2
39224100-9,2
24951220-3,2
45233123,2
33191110-9,2
34223100-7,2
03140000-4,2
39180000,2
60160000-7,2
44212383-7,2
39711360,2
15896000-0,2
48219100-7,2
50432000,2
30123000,2
38652100,2
79311300,2
15240000-2,2
03325100-4,2
80300000-7,2
38540000,2
45262670-8,2
18815000-5,2
34946000-0,2
48445000,2
60183000-4,2
45251240-5,2
42950000-0,2
45314300-0,2
38527200-7,2
24951230-6,2
72227000-2,2
31523000,2
31158000-8,2
09122110-4,2
39550000,2
42413500,2
44113900,2
15331420-7,2
71354000-4,2
30197640,2
28810000-3,2
92332000,2
90913100-1,2
32418000-6,2
28813700-1,2
45248300-0,2
79342410,2
44191100,2
45233120-0,2
35710000,2
32200000,2
66600000-6,2
45111291-0,2
37423300-2,2
65110000,2
38295000-9,2
71322500-6,2
45212290-0,2
90513800-0,2
44614300-0,2
31730000,2
31211100-9,2
29221610-3,2
39192000-4,2
34961000-0,2
90715110-6,2
33192210-7,2
18820000,2
39717200-3,2
18131000-6,2
90513100,2
71328000,2
79931000-9,2
48311100-2,2
33693000-4,2
98311200-8,2
24900000-3,2
42124000-4,2
22460000-0,2
78000000-7,2
15851210-3,2
66511000-5,2
51540000,2
72212311-2,2
33127000,2
24496300-0,2
24327000-2,2
42997300-4,2
28417000-8,2
22459000,2
44540000-7,2
28582000-5,2
30199760,2
42141600-5,2
98330000-5,2
98341100,2
79620000-0,2
30232110,2
01000000-7,2
50118100-6,2
31625300,2
33157400-9,2
66515411,2
45421120-1,2
32341000,2
74121210-8,2
37453000,2
50332000,2
90920000,2
45262610-0,2
45215140-0,2
90915000,2
50334120-2,2
32354100,2
79330000-6,2
22212100-0,2
73200000,2
76431000-3,2
39135100-8,2
24959100-2,2
92140000,2
20161000-2,2
34114120-6,2
34223370-0,2
27212100-5,2
44617200-0,2
64212600,2
24311522-2,2
45261320-3,2
45262213-7,2
79311210,2
44482100-3,2
33692200-9,2
39713100,2
44911100-0,2
76340000-8,2
31300000,2
34928310,2
70122000-0,2
42122400-4,2
77400000-4,2
39513000-1,2
31710000,2
72321000-1,2
34410000,2
44172000,2
85312000-9,2
34927000,2
37320000-7,2
03221120-3,2
30125100,2
34139200-2,2
77900000,2
29411000-3,2
48210000,2
39224330-0,2
30237380,2
30132000,2
33160000-9,2
42500000-1,2
42513000-5,2
45233224,2
63514000,2
39173000,2
45247000,2
30192121-5,2
39152000,2
30197000,2
48422000,2
43312400-7,2
34328100,2
44167100-9,2
36121000-5,2
37480000-6,2
72313000,2
90740000-6,2
28824710-4,2
45259200-9,2
33141641-5,2
34913200,2
92312110,2
43312200-5,2
44111300,2
42642000-8,2
28812220-5,2
44421710-7,2
03418100-4,2
31213400-6,2
37412220-7,2
72212223-8,2
15321600-0,2
09211600,2
25231000-9,2
50532200,2
32510000,2
79996100-3,2
45233127,2
64227000-3,2
45421144-5,2
33193000-9,2
45221000,2
79920000-9,2
31521200-6,2
18823000-4,2
79570000,2
74130000-9,2
39712300,2
45214300-3,2
28527420-2,2
34150000-3,2
42995100,2
30237200,2
79131000,2
45235310-9,2
42962200,2
24327400-6,2
34420000-7,2
31321200-4,2
79416100,2
34731000,2
85312200-1,2
30124500-9,2
15850000,2
90712300-4,2
15131410-2,2
19240000-0,2
38651000-3,2
71356200-1,2
24959100,2
92512100-4,2
44212381-3,2
92510000,2
28815220-6,2
39516000,2
75112100,2
90721700-4,2
33770000,2
45236000-0,2
39313000-9,2
35331000-3,2
74744000-6,2
33711510-5,2
31351000-1,2
44233000,2
33141700,2
90122100-9,2
25243320-5,2
42999000-5,2
22459100,2
03131100-9,2
44212221-4,2
37412242,2
42996000-4,2
22400000,2
63514000-5,2
03221240-0,2
45210000-1,2
92112000-9,2
24321000,2
39831700-3,2
42510000,2
48110000,2
42514300,2
30231320-6,2
34928110,2
44111500-6,2
39812500-2,2
41162500-8,2
45234120-3,2
37452210-6,2
50324000-2,2
66131000,2
48325000-2,2
45217000-1,2
32344210-1,2
33182400-3,2
14711100-9,2
45234122,2
38112100,2
32230000-4,2
48783000-0,2
42110000-3,2
44619400-6,2
48813200,2
66152000-0,2
48611000,2
51340000,2
60180000,2
44313800-8,2
39540000,2
39236000-5,2
44115220,2
77231500,2
45316210,2
32552130-7,2
51620000-4,2
39134000-0,2
45234160-5,2
66120000-7,2
42960000-3,2
28121200-8,2
29122000-0,2
44212120-6,2
03200000,2
42632000,2
45315200-0,2
15555000,2
33113000-5,2
30195600,2
44210000,2
25223000-0,2
80413000,2
72212330-1,2
71311220-9,2
15243000-3,2
42132000-3,2
71310000-1,2
92533000-6,2
45262421-8,2
79931000,2
23122100-9,2
30237450-8,2
15221000,2
30233300,2
98350000-1,2
39131100,2
22852000-7,2
48760000,2
03312000-9,2
72110000,2
30190000-0,2
24311000-7,2
33193000,2
44115700,2
74141700-6,2
98500000,2
45247111,2
39137000-1,2
85111810,2
66515300,2
37452100-2,2
42500000,2
18221300,2
32321100-0,2
39153000-9,2
34151000-0,2
98362000-8,2
22993000-7,2
42123500-2,2
14213300,2
70121100,2
45214800,2
39714110-4,2
03221112-4,2
74231400-1,2
42662000-4,2
44511000,2
31532000-4,2
45442300,2
63121000-3,2
14320000-0,2
36131000-8,2
30237240,2
45112330-7,2
35720000-7,2
31644000,2
42992000,2
30231310-3,2
32418000,2
37522000-3,2
45215143,2
45314310,2
32552100-8,2
63121000,2
44617100-9,2
72212983-3,2
15840000,2
71311100,2
71248000-8,2
50334140-8,2
44163200,2
45213300-6,2
85121252-4,2
90481000,2
72412000-1,2
90521100-6,2
72212481,2
71311220-0,2
75000000-6,2
34114200,2
18937000,2
31320000-5,2
64214400-3,2
45112360,2
24313320-0,2
02520000-5,2
39113000,2
31711110-7,2
92341000-3,2
32412000,2
44211110,2
35000000,2
79311400-1,2
25223300-3,2
34912100-4,2
18931100-5,2
03121200,2
90711500,2
14211000,2
39513100-2,2
19510000-4,2
50732100-6,2
34114210-4,2
34521000-5,2
92111220,2
15555200-5,2
44613800-1,2
30237131-6,2
42414210-6,2
40310000-8,2
38652120,2
09321000-5,2
44111200-3,2
45232150-0,2
95000000-2,2
15544000-3,2
31224100,2
30191200-6,2
15411110-6,2
98371100-5,2
31680000-0,2
15961000-2,2
44531700-8,2
45232450-1,2
45212190,2
30125000-1,2
79715000-9,2
34122000-8,2
73431000,2
34932000-9,2
45243500,2
15893200-6,2
85312320,2
45315400,2
77231800-6,2
48481000-3,2
92522000,2
30231320,2
85321000,2
35121000,2
18424000,2
32522000,2
79211200,2
30197640-4,2
48100000-9,2
79961300-1,2
34928000,2
44212221,2
39111000,2
48443000,2
44112310,2
79634000,2
43310000,2
30236200-4,2
15842000,2
45000000-0,2
22314000-4,2
19330000-8,2
24312220-2,2
44512600,2
42123400,2
34992000,2
72265000-0,2
22460000,2
22990000,2
35262000,2
92225100-7,2
79714100,2
44221220-3,2
39812200-9,2
15555100-4,2
66140000-3,2
37316200-8,2
37800000,2
98200000-5,2
79631000,2
36930000-9,2
44212000,2
63726400,2
85121100,2
45234111,2
09112200-9,2
34928320,2
44612100-4,2
44113200,2
66516100,2
44115500-4,2
72253200,2
42122300,2
37452000-1,2
44212227-6,2
72212331-8,2
33190000,2
98133100,2
50850000-8,2
98111000-4,2
33970000-0,2
65210000,2
15220000,2
45331221,2
51410000,2
45200000-0,2
44423100-2,2
42642100-9,2
90924000,2
31213000-2,2
98334000,2
24958200,2
15842000-2,2
76440000-9,2
34144450-7,2
50117300-1,2
44621200,2
44514200,2
43312000-3,2
44619000-2,2
80100000,2
45421110,2
22851000,2
30216120-3,2
34965000-9,2
30191100-5,2
64116000-2,2
30161000-5,2
38432210,2
79995200-7,2
50433000-9,2
50112120-0,2
50331000-4,2
45233200-0,2
44400000-4,2
45432120,2
45262610,2
34144212,2
33127000-6,2
66130000,2
39811200-2,2
64216200-5,2
45213251,2
32333000-6,2
33195000-3,2
42300000,2
66519500-6,2
64214200-1,2
90732200,2
33712000-4,2
45331211,2
74231520-8,2
39140000-5,2
98363000,2
45233251-3,2
30215000-9,2
45223100,2
24500000-9,2
32425000,2
71354000,2
42933300,2
15332290-3,2
24951110-9,2
44221111,2
15897200,2
72225000,2
66510000-0,2
22120000,2
31524100-6,2
71731000,2
39713200,2
79621000-3,2
45212360,2
50882000-1,2
30131200-8,2
70123000-9,2
29852200-8,2
39299000,2
93100000-9,2
79342311,2
50334400-9,2
85311300,2
45421144,2
44482000,2
31216100-4,2
33763000-6,2
90713100,2
85312000,2
38434500,2
51510000-0,2
50112200,2
38434560,2
37535280,2
18444200-5,2
33194220-4,2
50220000,2
22114100-3,2
44221000,2
51112000-0,2
34941000-5,2
37411220,2
32570000,2
45332300,2
90642000-9,2
45200000-1,2
30192112-9,2
50860000,2
37451000,2
42122110-4,2
18800000,2
50312610,2
66517300,2
33124000-5,2
33111000-1,2
45442300-0,2
42512200-0,2
79921000,2
09134232-2,2
37415000-0,2
45213250,2
42122430,2
33115100,2
90711400,2
33141623-3,2
37823500-8,2
50323100-6,2
34928120-5,2
45262300,2
74312100-0,2
24450000,2
42414100-2,2
42418900-8,2
34500000,2
01121200-3,2
45255120-6,2
85121100-4,2
33696400-9,2
70332100,2
45245000-6,2
30000000,2
15861100-2,2
98333000,2
45252210-3,2
29844000-7,2
34150000,2
31172000,2
74111000-0,2
64216100,2
15830000-5,2
72211000-7,2
22114310-8,2
80340000-9,2
15229000-9,2
33194100-7,2
15115000,2
66331200-1,2
03222321-9,2
14212310,2
35110000,2
44112220-6,2
22211100-3,2
32415000-5,2
34929000,2
45262511,2
33191110,2
31530000-0,2
30144200-2,2
45236119-0,2
71325000,2
64121200,2
34992100-8,2
79957000-7,2
79994000,2
03222118-3,2
42900000-5,2
71356400,2
32236000-6,2
37442300-8,2
45232424-0,2
72212311,2
00045000-0,2
45233270,2
22114400-6,2
77211000-2,2
31523100-9,2
78190000-5,2
03212000-0,2
15300000-0,2
51430000-5,2
45234130-6,2
39831500-1,2
71335000-1,2
37442000,2
39833000-0,2
45350000,2
15891600-6,2
66331100-0,2
29231200-9,2
22450000-9,2
48983000-2,2
79952000-0,2
16820000-9,2
43500000,2
38653400,2
30133100-1,2
44523200-4,2
09133000-0,2
09222000,2
85000000,2
39141400,2
34321200-5,2
33900000-9,2
39512100-5,2
45262350,2
71400000-0,2
44167300-1,2
38900000,2
33182220,2
45350000-5,2
34352000,2
31527000-6,2
37311000-1,2
22980000-3,2
75111100-8,2
32344100-7,2
90733400-8,2
74231130-7,2
98394000,1
24311120-4,1
31122000-7,1
42417200,1
24312120-1,1
45244000-0,1
31518600,1
32442000,1
42962500,1
77221003-3,1
34312500,1
51330000-4,1
34941800,1
34144213,1
34953000,1
37440000-4,1
37462000-4,1
18440000,1
79221000,1
38437000-7,1
50334400,1
75330000-8,1
29131144-7,1
29541611-9,1
45246200-1,1
42122220,1
51240000,1
51543300-3,1
33698100,1
79821000,1
71321000-4,1
30231310,1
44163240-4,1
34913200-2,1
39295200-8,1
70122210,1
72510000,1
44614310,1
60440000-4,1
15842210-7,1
72212110,1
80420000-4,1
31524210-0,1
90480000-0,1
39221130,1
15981000,1
90111100-9,1
71351923,1
45231210-0,1
39254000,1
38951000-6,1
42931100-2,1
03117000-4,1
33141123,1
46213000,1
66334200-2,1
74313200-8,1
38421110,1
44421500,1
50511100-1,1
45216128-7,1
39541100-7,1
42414200,1
50220000-3,1
44212225,1
72212490-0,1
44830000-7,1
24911000-3,1
15331500-2,1
39522510-5,1
45223400-0,1
03320000-8,1
80110000-8,1
50334000,1
11111111-1,1
37421000-5,1
44621100-0,1
33192400,1
43130000-3,1
44162100,1
30213500-0,1
35330000,1
33632000-9,1
15821000-9,1
15831600,1
44212260-9,1
33631000-2,1
33696600-1,1
15331137-6,1
19522100-2,1
45254110-6,1
45112441-8,1
50312210-0,1
37524300,1
34951200-0,1
44522200-7,1
39112000-0,1
24111600,1
45442180,1
24613000-4,1
34113300,1
36153100-9,1
92111300-5,1
64121000,1
38910000-7,1
66512220,1
30232000,1
39714000-0,1
45255000-9,1
15112100-6,1
37311200,1
85142400-0,1
20199730-2,1
28814000-1,1
34928230,1
42921330,1
45251220,1
74760000-4,1
74260000-9,1
22991000,1
66515300-6,1
30237132-3,1
21700973-1,1
15552000-2,1
03325000,1
24954200-8,1
38434510,1
50411300,1
42132300,1
36400000-5,1
15870000,1
45216124-9,1
45233320,1
31710000-6,1
34522100-3,1
14300000-4,1
37523000,1
76340000,1
34711500-9,1
31623000-9,1
30238000,1
30232100,1
43211000-5,1
22817000-0,1
31210000,1
80620000-6,1
24111000,1
50118400,1
90711100,1
42113310-0,1
33194120-3,1
73000000,1
18221300-7,1
33120000,1
42636000-3,1
34223400,1
34144440,1
32412120,1
34144910,1
30237475,1
34223100-0,1
33790000,1
28111000-3,1
03221320-5,1
33954000,1
39360000-3,1
60112000-9,1
30192150-7,1
34941300,1
90100000-8,1
38291000,1
29372000-7,1
31730000-2,1
03112000-9,1
42111000,1
50112100,1
44333000,1
09331100-9,1
48482000-0,1
38341200-9,1
22300000-3,1
42637100-1,1
74740000-8,1
45000000-8,1
72212911-8,1
42419510-4,1
74861000-2,1
33112310,1
03451100,1
71353200,1
98513100,1
71315300,1
03414000-0,1
60410000-5,1
45316211-7,1
72222200,1
98350000,1
42415300-1,1
42716120-5,1
03131200-0,1
42418500-4,1
92210000,1
34913100-1,1
60441000-1,1
03115000-0,1
29123000-7,1
45331000-0,1
30237400-3,1
65122000-0,1
33120000-7,1
45213110-7,1
66151000-3,1
09112000-7,1
39296100,1
48314000-2,1
42913500-4,1
39522000,1
45400000-0,1
50113100-1,1
32546100-3,1
90918000-1,1
45231500,1
45234140,1
30237420-9,1
66140000,1
32342100,1
74231720-0,1
48321000,1
24313320,1
39561141-2,1
74520000-0,1
45215140,1
66337400-5,1
48813000,1
28221220-5,1
38421000,1
37530000-2,1
85111400-4,1
44424000-8,1
15894500,1
15894500-6,1
77321000-6,1
39500000,1
44520000,1
39716000-4,1
38510000,1
42124221,1
44912100,1
63722000,1
38432210-7,1
39518200-8,1
34946120,1
34311000-0,1
42912300-5,1
45234113-1,1
19243000-1,1
92511000,1
44171000-9,1
72212140,1
45233140-9,1
77610000-9,1
33763000,1
45221248,1
66112000-8,1
31612000-9,1
03222322-6,1
66515410,1
45233225-0,1
37315000-9,1
79342300,1
66519000,1
32552000-7,1
45213140-6,1
36120000-8,1
34921100,1
51611000,1
28815310-4,1
42110000,1
90514000-9,1
35261100,1
45211370,1
90714600-1,1
92220000-9,1
45236114,1
30123000-7,1
31321100,1
42921000,1
31681200,1
72212180,1
44511200,1
42515000-0,1
42416120,1
39515200,1
35112100,1
90733100,1
79921000-6,1
45233139,1
39712300-9,1
48200000,1
03115000,1
55330000,1
31212000,1
32240000-7,1
44482200,1
51133000-3,1
32342400,1
42962500-2,1
75200000-0,1
79560000-7,1
42419530-0,1
29851000-9,1
39190000-0,1
03144000,1
14721000-1,1
38127000,1
14100000-2,1
71322300,1
48326000,1
42913300-2,1
42140000-2,1
34144520,1
45232431,1
45111240,1
39133000,1
18330000-1,1
03211900,1
79121100-9,1
30215100-0,1
45261221,1
85150000,1
73400000-6,1
75124000,1
39522110,1
66517000,1
03222112-1,1
79130000,1
33711630-2,1
42652000,1
79400000-1,1
34711200,1
45212172,1
35310000-0,1
15118900-7,1
33641200-7,1
77330000,1
44921210-7,1
30199700-7,1
90113000-2,1
31521200,1
33693000,1
24951300,1
72212430-2,1
33141625,1
90732600-3,1
74231700-4,1
43134100,1
43230000,1
38292000-8,1
63711000,1
72212932,1
32426000,1
15332100,1
31514000-2,1
35113300,1
02130000-4,1
33111650-2,1
90123000-5,1
34211300,1
39831300,1
03222310-9,1
03221100-7,1
63721200-1,1
35613000,1
44212261,1
34940000-8,1
79996100,1
51111200-5,1
32344250-3,1
44315000-1,1
33169000,1
35815100,1
34144300,1
74263000-0,1
71351210-8,1
38511200,1
50961110-3,1
71351612-6,1
45111230-0,1
64216120,1
48821000,1
30252000-0,1
30211400,1
43135000-8,1
66172000-6,1
44812000,1
03320000-0,1
34522000-2,1
50881000-4,1
74276100-5,1
22321000-6,1
50323000-5,1
34114120,1
15811100-0,1
15110000-0,1
50312110-9,1
70311000,1
32331500-7,1
14200000-3,1
15811511,1
48614000-5,1
34352300,1
24430000,1
92331200-2,1
45242000,1
79822300-5,1
45248100,1
45421000-7,1
70200000,1
39137000,1
92533000,1
42417100,1
29715230-5,1
45312310-3,1
24457000-2,1
48814200-9,1
76472000-2,1
44442000-0,1
42620000-8,1
66520000,1
79352200-5,1
55130000-0,1
43415000,1
33115200,1
18440000-5,1
45243510-1,1
42419000,1
35121200-0,1
72263000-6,1
98100000-4,1
66514100,1
42111100,1
64200000-1,1
09230000-0,1
45317400-6,1
74264100-8,1
72212217,1
34131000,1
39151300,1
32232000,1
03333000-4,1
15119600-1,1
34120000,1
45331231,1
44619500,1
48621000-7,1
34711200-6,1
32252000-4,1
09131100-7,1
30237000,1
92532000,1
77310000-7,1
93120000-5,1
35121300-1,1
32553000-4,1
90680000,1
39121200,1
42419530,1
31161400-6,1
42122180,1
42996800,1
77110000,1
10125000-5,1
32551200-2,1
44911100,1
33735000-1,1
42122130,1
48321000-4,1
27110000-9,1
45252121,1
29852300-9,1
79961330,1
22213000,1
72212310-5,1
45236230-1,1
55241000-0,1
44161600,1
45252300,1
44221310-1,1
72120000,1
34311000,1
60116100-5,1
72212600,1
48219200-8,1
03313300-9,1
45100000-7,1
42414000-1,1
51511110-1,1
45262310,1
42511000,1
55531200-6,1
79330000,1
33111710,1
44618420,1
28110000-6,1
18810000,1
32441100-7,1
45261900-0,1
51542100-4,1
01814300-0,1
45111220-0,1
34631200,1
34990000,1
39140000,1
31214120-6,1
71337000-9,1
42222000,1
44431000-0,1
44165300,1
50112111,1
15811400,1
42512500-3,1
16800000,1
50232200,1
24313123-9,1
03212100-1,1
43410000-0,1
60122100-0,1
03310000,1
39141100,1
72212170-1,1
48451000-4,1
72228000-9,1
16120000,1
15311100-2,1
71334000-8,1
18222100-2,1
44112600,1
39298500-2,1
66515410-0,1
92211000-3,1
03417000,1
71350000-1,1
38428000,1
42610000,1
38420000,1
71351924-2,1
34121300,1
44211500,1
42131120,1
43327000-1,1
72266000-7,1
66162000,1
33761000,1
42923100-3,1
42112200,1
31350000-4,1
36672000-2,1
70122100-3,1
44112110-2,1
50911000-4,1
15872300-4,1
44300000,1
15332180-9,1
42413200,1
14410000-8,1
29221510-2,1
24957000,1
14521200,1
71351900,1
31682300-3,1
45234100,1
42111100-1,1
34351000,1
31200000,1
34961100-2,1
42414300-4,1
51214000-5,1
32222000-5,1
39111100-4,1
31352100-9,1
93411000-2,1
60117200-3,1
25244200-5,1
34632100-7,1
71354500,1
31321100-3,1
15872000,1
45260000-4,1
45223320,1
79824000-0,1
45221120-9,1
45312320,1
37412220,1
29833000-7,1
95133000-3,1
45221114-4,1
51313000,1
92512100,1
85120000-6,1
03211900-2,1
48518000-2,1
50512000,1
72212330,1
32210000-8,1
33631600-8,1
31625000-3,1
19210000-1,1
30231100,1
33198000,1
15811510-0,1
34221200-4,1
45236250-7,1
90524000,1
28211500-9,1
48224000-4,1
29834100-5,1
24322220-5,1
72212470,1
48313000-5,1
38432100-3,1
66700000-7,1
72212610-8,1
38431100,1
74231300-0,1
22992000-0,1
31214500-4,1
45223320-5,1
34928210-3,1
79941000-2,1
90400000-0,1
03222300,1
72316000,1
45214630-5,1
16100000-6,1
31213100-3,1
45232150-1,1
48219500-1,1
90742300-3,1
50312510-3,1
32560000,1
44421700-4,1
30195911-1,1
45111210,1
31527300-9,1
51134000,1
39112100-1,1
74240000-2,1
45262211,1
42418910-1,1
75230000-7,1
90731400,1
76472000,1
03221300-9,1
39522540-4,1
38651500-8,1
31224000-2,1
33136000-2,1
76431100-4,1
31120000,1
45212321-2,1
63726400-8,1
31681300-6,1
72212460-1,1
34515100-1,1
44321000,1
50224000-1,1
18235300-8,1
30233300-4,1
79415000-6,1
45251000,1
42131000,1
09121200-7,1
37482000-0,1
42123100-8,1
34921200-1,1
75220000-4,1
80110000,1
15231000-6,1
42515000,1
92351000,1
34221100,1
33651640-6,1
34134100-6,1
30240000-3,1
72212490,1
03221221-1,1
45232450,1
19212510-3,1
42924790-3,1
79342310-9,1
03222340-8,1
16400000,1
74210000-4,1
63724300-3,1
14212210,1
76442000-3,1
63721000-9,1
71322400,1
43262000,1
77231200,1
33131100,1
45451300,1
00000001-0,1
45334000-2,1
39141200-4,1
37313100,1
39531000-3,1
34632100,1
32354200,1
19522000,1
34151000,1
90488000-5,1
33698100-0,1
15251000-2,1
44192000,1
15510000-6,1
50334110,1
39711130,1
22114200-4,1
45100000-9,1
22600000,1
45262320-0,1
34422000,1
45231000-8,1
33121100-5,1
29875000-3,1
45261300-7,1
34632300,1
22472000,1
44531510,1
44411400,1
64216120-0,1
64114000,1
30237131,1
39717100-2,1
33135000-5,1
71313200,1
90732500-2,1
66512000-1,1
30193300-1,1
24612000-7,1
71631470-5,1
85110000,1
17221700-4,1
63721000,1
48952000,1
33771100-6,1
15950000-2,1
03432100-8,1
33192600-8,1
37482000,1
45112441,1
35340000-9,1
98371100,1
63725300-0,1
31712200-2,1
15961100-3,1
48318000-0,1
90122330-0,1
51514000-8,1
45233142-1,1
48442000,1
01112100-6,1
31156000-4,1
03324000-6,1
03411000,1
34211100,1
44613200,1
33197000-7,1
45432114-6,1
39295100-7,1
45232452-5,1
38437000,1
50324000,1
44212220-7,1
72212300-2,1
72511000,1
15112120-3,1
45235200,1
33651620-0,1
42996110-8,1
09134200-0,1
33741300,1
85120000,1
80560000,1
34223340-1,1
19210000,1
30160000,1
38434570,1
90122310-4,1
79571000,1
33263200-3,1
38932000-7,1
22991000-3,1
63712100,1
90630000,1
33138000,1
30121110-7,1
03411000-4,1
50882000,1
44211200-4,1
31100000,1
48461000-7,1
72321000,1
33651660-2,1
42131310-2,1
31214520-0,1
42514310,1
31643000,1
51142000-9,1
74141610-8,1
45212311-9,1
15131420-5,1
48810000-1,1
76300000-6,1
30216110,1
15117000-1,1
66150000-8,1
37452700-8,1
39711100,1
33194100,1
33735100-2,1
42716200-0,1
43313100-1,1
90470000-1,1
50200000-1,1
44421300,1
33111300,1
45212290-2,1
44212321,1
32552330-9,1
48610000,1
03111300-5,1
15235000,1
03111700,1
50312100,1
75210000-1,1
30133100,1
32552400-1,1
34411000-1,1
24951220,1
03140000,1
31421000-3,1
15211100-0,1
48333000-1,1
42100000-0,1
50211000-7,1
43313000-0,1
39531000,1
55400000-4,1
45212180,1
42912330,1
39224200-0,1
24316000-2,1
30233180,1
45313200,1
33192140-5,1
79971100-2,1
55524000,1
33157110-9,1
28112320-9,1
30123400-1,1
45431000-0,1
38570000-1,1
00450000-0,1
37441100-2,1
14830000-8,1
32344270-9,1
70331000,1
90470000-0,1
44440000-6,1
70122100,1
31122100-8,1
44111700-8,1
45112330,1
33791000-1,1
05100000-6,1
92111300,1
37313500-0,1
92217000,1
03440000-0,1
03412000-1,1
31410000-3,1
48400000-2,1
42131130,1
33181300-5,1
39514300,1
29814100-9,1
31524120-2,1
39114000,1
72212220,1
45261300,1
38515200,1
39711360-0,1
66510008-0,1
79821100,1
92312213-7,1
13260000-4,1
55522000-5,1
75242100,1
72514200,1
38945000,1
39515200-7,1
85322000,1
55311000-3,1
50411300-2,1
66818200-5,1
72212442-9,1
28812000-7,1
39510000-0,1
44600000-0,1
45231100-6,1
85111600,1
44221120-2,1
90715100,1
92521220-7,1
45252200-0,1
55523100-0,1
34142100,1
39821000-3,1
15851100,1
15821200,1
34933000,1
35111100,1
03111500-7,1
29522510-2,1
44481000-5,1
92520000,1
38551000-2,1
39560000-5,1
37311300,1
34931300,1
15893200,1
45510000,1
50211000,1
38100000-6,1
29840000-9,1
31532000,1
33925000-0,1
71631430,1
31681000,1
55521200-8,1
72212328,1
20200000-8,1
45112722,1
79995000-5,1
42924730-5,1
32427000,1
42621000-5,1
71351920,1
42112720-8,1
24313300-4,1
34999100-7,1
31216000-3,1
37471000-0,1
92522100-7,1
16710000,1
35112200-4,1
74613000-9,1
34121200-3,1
50312110,1
71230000,1
45231221,1
90522000-2,1
45252100-1,1
34928450,1
15613300,1
03211100-4,1
42418400,1
42912350,1
33697110-6,1
20150000-2,1
28522300-0,1
44112240,1
03212000,1
50243000-0,1
74313143-0,1
55310000-6,1
45251120,1
50232110,1
34513700,1
36121200-7,1
90715110,1
66172000,1
34200000,1
24920000-9,1
50316000,1
48761000,1
03221212-5,1
03461000,1
77600000,1
35821100-6,1
50721000-0,1
44115000,1
35320000,1
66517200-9,1
75120000-3,1
74721210-4,1
14910000-3,1
34144410-5,1
42630000,1
34432000,1
33124100,1
38311210-3,1
34522400,1
15511500-8,1
44111100-2,1
15131640-3,1
72311100-9,1
33191100,1
71314200-1,1
38519660,1
38543000,1
90714100-6,1
30248200-1,1
44111300-4,1
32562000,1
35221000-9,1
31644000-2,1
24954100,1
45212322,1
44167000-8,1
42412110-1,1
72212214-2,1
39811300-3,1
45234220-4,1
77500000-5,1
70220000,1
09112200,1
39531100-4,1
24111800,1
35821000,1
18924000,1
42968000-9,1
72212670-6,1
66114000,1
22212000-9,1
39715240,1
14630000-6,1
66518000,1
75215212-6,1
39293500,1
50915000-2,1
43200000,1
33641000-5,1
63712600,1
45231400-0,1
15614100-6,1
66310000-6,1
35123400,1
90733700,1
63712310-9,1
33141510-8,1
72521000-3,1
39225500,1
44930000-8,1
31321210-7,1
45243300,1
63712700,1
39113400,1
70332100-0,1
18424300,1
90714600,1
28112382-1,1
38435000,1
45111000-2,1
37442300,1
74231410-4,1
51511200-9,1
15911000-7,1
72315000,1
90114100-0,1
28812400-1,1
45234127-2,1
79713000-2,1
37411200-0,1
34931200-4,1
79130000-4,1
03419000,1
44420000-0,1
71354400,1
51100000,1
39713000-3,1
72267200-1,1
75314000,1
45233140-1,1
51330000,1
37442400,1
45300000-9,1
25171000-0,1
32342412,1
25221300-9,1
44521110,1
15130000,1
39715210-2,1
29523121-5,1
79710000-0,1
72240000-9,1
32524000,1
31518200-2,1
74313130-6,1
34600000,1
45232000,1
34622100-4,1
32235000,1
90524100-7,1
42121000,1
34390000-7,1
44192100,1
33711900,1
34121400-5,1
92130000,1
34522250-9,1
32521000-1,1
45261410-9,1
24453000,1
42124200,1
30232130-4,1
28417510-6,1
44912100-7,1
44111510,1
48628000-9,1
39522100,1
66514100-0,1
74821000-0,1
48330000-0,1
45216127-0,1
42512400-2,1
44512200,1
34928230-9,1
54521000,1
77500000,1
90730000,1
32342412-3,1
39221100,1
31682410-7,1
45223821,1
33186200-9,1
31121100-1,1
39236000,1
50344200-0,1
35123500-7,1
17216000-9,1
42131143-0,1
44115700-6,1
90731000-0,1
39522000-7,1
79342321-9,1
64113000-1,1
64212100,1
76200000,1
43312200,1
14400000,1
71335000-0,1
85145000,1
42416400-9,1
71327000-6,1
30237120,1
33185100-1,1
42414220,1
66514120-3,1
16500000-0,1
90732700-4,1
77315000,1
38636100,1
15331110-1,1
72266000,1
71241000-5,1
85149000,1
32324310-6,1
34134100,1
33696300,1
42950000,1
74231200-9,1
28814100-2,1
72212780-0,1
99000000-0,1
30141100,1
50840000-5,1
71222100,1
45232320,1
22453000-0,1
45212211,1
60130000-0,1
37441100,1
37527100-9,1
14212120,1
71313440,1
38730000-1,1
38341300-0,1
32546000-2,1
45248200,1
42112000-5,1
15831600-8,1
38434530-0,1
39222110-8,1
71333000-1,1
98336000-7,1
45262423-2,1
45232310-8,1
45110000-0,1
39143100,1
28813310-0,1
32422000-7,1
22211000-2,1
42390000-6,1
24132122-9,1
33141820,1
25270000-4,1
31524000,1
42419000-6,1
33172000,1
39221140-0,1
24510000-2,1
45215000-8,1
43240000-7,1
72417000,1
72212732-9,1
30195900-1,1
15625000-5,1
45442190,1
29823000-4,1
44221220,1
90642000,1
45252000,1
15530000,1
90522100-3,1
32344210,1
63122000-0,1
22817000,1
19240000,1
33165000-4,1
15543000-6,1
45261210-0,1
03222330-5,1
39143300-9,1
29713300-3,1
29521210-2,1
09320000,1
92312130-1,1
44113800-3,1
92331100-1,1
22510000-8,1
44113600,1
73300000-5,1
44111600-7,1
28823100-8,1
24322220,1
29522610-3,1
75242000-4,1
64216000,1
31321200,1
50312200,1
15611000-4,1
39315000,1
45310000-0,1
15893000-0,1
24311310,1
38434580-5,1
03000000,1
77310000-0,1
22461000-9,1
36420000-1,1
14721000,1
33711200,1
28863121-3,1
34950000,1
92312110-5,1
75311000,1
39531310-9,1
45261100-4,1
60600000,1
31681500,1
24610000-3,1
92351000-6,1
71541000-0,1
72212760,1
72212932-1,1
15241800-7,1
33711640,1
09343000,1
33134000-8,1
66514140-9,1
17211100-5,1
40330000-4,1
15613310-4,1
90916000-1,1
18831000,1
79500000,1
34221100-3,1
33652300-8,1
03221211-8,1
15332410-1,1
34946210-5,1
51550000-2,1
15612000,1
15119300-8,1
16700000-5,1
30193600-4,1
50114200,1
45232411-0,1
37412241-0,1
45112430-8,1
90490000,1
74400000-3,1
31682110-4,1
03221111-7,1
15131600-1,1
44211000-3,1
24453000-4,1
51543200-2,1
45259300,1
42415000,1
29852500-1,1
31518200,1
45251240,1
73100000,1
32230000,1
29221500-9,1
09344000,1
90721300,1
45111300,1
60120000,1
44621000-9,1
30213500,1
44621221-4,1
42161000,1
48814000,1
50231000-3,1
34514700,1
72212442,1
66162000-3,1
72222200-9,1
31214000,1
44165000-4,1
31518300-3,1
45262522-0,1
72541000,1
44232000-5,1
44611200-8,1
71321400-8,1
45233144,1
50531000-6,1
38126000,1
45442121,1
37451710,1
42961000,1
42211100-9,1
35113420-9,1
24456000,1
33721000-0,1
45234121-0,1
45421000-0,1
42963000-4,1
90500000-5,1
14320000,1
44212410-6,1
34946220-8,1
71313100,1
15615000-2,1
19212300,1
42512300,1
44621100,1
33195000,1
44619500-7,1
73431000-2,1
43812000-8,1
31682210-5,1
42923000-2,1
85312120-6,1
28811000-0,1
80415000,1
45215215-7,1
31682500-5,1
74271700-6,1
44192100-3,1
30121120-0,1
33141100-1,1
34928330,1
34390000,1
44520000-1,1
39241120-0,1
03313000-6,1
30210000-4,1
16150000-1,1
14800000-9,1
33651630,1
19000000,1
50511100,1
14212400,1
31621100-6,1
74231420-7,1
21232300-1,1
15613300-1,1
34144410,1
73111000,1
39226210,1
31161000,1
44423300-4,1
15800000-0,1
33640000-8,1
28213000-8,1
09122000-0,1
92312200,1
44173000-3,1
80610000-3,1
90912000-3,1
15842100,1
72221000-0,1
71241000-1,1
50312100-6,1
38511100,1
28815000-8,1
32343000,1
42416300,1
32426000-5,1
45255800-7,1
15612150-7,1
28814200-3,1
45216200,1
39711124,1
34913700-7,1
16141000-5,1
39812500,1
42416130-5,1
42995000,1
33630000-5,1
42122420-0,1
28213400-2,1
44613200-2,1
90721100-8,1
38820000-9,1
34522300-5,1
92534000-3,1
39515100,1
15612100-2,1
31524120,1
15842400-6,1
03222332-9,1
32410000,1
35113000-9,1
31216200,1
37452720-4,1
79311000-1,1
28815300-1,1
15891500-5,1
45222200-1,1
45234128-9,1
79510000,1
33711200-9,1
42931100,1
74273200-5,1
45231000,1
33741000-6,1
44522000,1
15113000-0,1
72212730,1
63520000,1
38923000-1,1
38527200,1
30249400-0,1
71322500,1
39113600,1
38127000-1,1
50740000-4,1
29221829-1,1
51543400-4,1
15115100,1
20311100-0,1
23111200-0,1
45344200-2,1
37472000-7,1
44511120,1
24964000,1
45316211,1
79413000,1
70110000-5,1
51550000,1
01210000-2,1
85121281,1
28813000-4,1
33651500-3,1
50323100,1
75230000,1
45231113-0,1
63722000-6,1
30199200-2,1
33772000,1
93500000-3,1
44162200-5,1
44614310-3,1
45247110,1
90122124-3,1
48316000-6,1
31211000-8,1
39530000-6,1
31612300-2,1
33193120-6,1
11100000-1,1
45216111,1
71336000-0,1
30232140,1
37471000,1
50430000-8,1
42912300,1
92111220-0,1
44316300-1,1
45252140,1
33184100-4,1
24451000,1
50840000,1
37535200-0,1
77315000-1,1
28815210-3,1
42122400,1
50311000-8,1
34220000,1
33196000-0,1
44462000-6,1
48780000,1
44176000-4,1
30144000-0,1
45343000-0,1
36524000-0,1
33141560,1
79635000,1
85145000-7,1
30237200-1,1
15331170-0,1
15221000-0,1
77231300-1,1
50334130-5,1
92522100,1
74232200-6,1
48300000-1,1
32546000,1
38425000,1
45215210-5,1
50312320-4,1
45212225,1
64112000,1
33682000-4,1
39722100,1
45221117,1
92331000-0,1
30199761-2,1
72212521-7,1
37810000,1
37524500-2,1
34144760-3,1
44831100-5,1
34133100,1
50327200-4,1
34144211-0,1
50750000-8,1
74732000-9,1
85323000,1
66514000,1
63712310,1
31521000,1
33162200-5,1
39831220-4,1
33181100,1
03115110-4,1
33157400,1
75222000-8,1
15311200-3,1
37524900-6,1
42131110,1
51112100-1,1
50951130-6,1
14712000-5,1
35321100-1,1
15511100-4,1
45212413-4,1
74141620-1,1
45112723-1,1
38653000-7,1
48700000,1
71317200-1,1
45343100,1
42161000-5,1
31321500-7,1
39121100-7,1
34144300-1,1
33182210,1
43313100,1
79716000,1
44212313,1
33113000,1
45432200,1
31130000-6,1
29231111-8,1
85312100-0,1
44424200-0,1
15234000-7,1
15713000-9,1
15830000,1
38554000-3,1
45112713,1
20410000-3,1
37415000,1
14213300-0,1
71356100-0,1
42300000-9,1
34997210-7,1
33910000,1
45233122,1
15833000-6,1
65410000,1
33641400,1
50210000,1
09134232,1
71631420-0,1
45213280-9,1
42414400,1
48444100,1
35121500-3,1
32412110,1
79633000-0,1
63727000-1,1
28221200-9,1
45233129-9,1
78230000-8,1
42350000,1
24313111-2,1
66519300-4,1
34522400-6,1
74100000-0,1
50225000,1
22456000-1,1
80200000,1
14221000-6,1
60123300-9,1
43300000,1
45331210-0,1
31213400,1
42418940-0,1
45000007-7,1
72300000-8,1
45233150-5,1
16000000-0,1
64214100-0,1
34328100-3,1
03222331-2,1
79999200-5,1
34223000-6,1
39563500,1
33141110,1
45247200-2,1
80513000-3,1
37321000-4,1
43830000,1
18230000,1
33161000-6,1
38421110-6,1
30244000-1,1
45237000-0,1
09310000-1,1
44812400,1
05000000-5,1
33926000,1
24312123-2,1
44330000,1
31170000,1
72212422,1
45235210-8,1
24320000,1
42993100,1
24312123,1
91100000-5,1
39714100-1,1
32417000-9,1
31219000,1
33170000-2,1
33711800-5,1
09241000,1
30199130,1
79971100,1
33141760-5,1
98371111,1
33264000-8,1
33949000-4,1
71632000,1
42993100-4,1
30123610,1
09132200-5,1
09131000,1
33162100-4,1
50334100-6,1
33113100,1
29221531-5,1
31514000,1
50118100,1
48813100-1,1
39522520-8,1
29521351-2,1
90315200-0,1
19630000-1,1
29124150-0,1
48814400-1,1
42141410-6,1
33124100-6,1
71314310,1
72317000,1
63516000,1
45111320,1
50320000,1
66517100-8,1
42921330-0,1
24455000,1
34310000,1
33168000,1
44611410-3,1
37535220-5,1
64228100-1,1
45312330-9,1
45421100-4,1
14420000-1,1
34144751-7,1
48620000,1
92122000-2,1
78114100-0,1
45232330,1
39298000-7,1
37823800-1,1
24951300-8,1
33112000,1
37529100,1
45234250,1
24951311-8,1
48441000,1
03212210-5,1
32310000-6,1
32415000,1
42513210-0,1
44115900,1
34114122,1
45233330,1
44912400,1
42520000,1
15893000,1
03212200-2,1
34224000,1
80521000,1
22841000-7,1
63712210,1
44163100-1,1
29811110-1,1
45247100-1,1
51511100-0,1
39174000,1
42662000,1
38552000,1
22471000-2,1
24315100,1
45221210-7,1
30216130-6,1
75251000-0,1
90315100-9,1
50430000,1
75250000-0,1
45421112-2,1
18812000,1
09211820-5,1
31623300-2,1
51610000-1,1
51110000-0,1
25122220-0,1
33450000-9,1
79613000,1
98341000,1
09321000,1
30245200-0,1
03212100,1
33141625-7,1
35240000-8,1
85121000-3,1
35113460-1,1
31731100,1
31411000,1
72318000,1
17222110-8,1
15930000,1
44613000,1
33651000-8,1
44112510-6,1
24951400-9,1
45234230,1
39713430,1
39512000,1
33720000-3,1
24410000-1,1
03212200,1
44162100-4,1
30250000-6,1
15891300-3,1
38433210-4,1
44531500-6,1
42124100-5,1
34992100,1
90122340-3,1
33711700-4,1
33696600,1
48170000-0,1
74232000-4,1
32344280-2,1
45212352-8,1
32333000,1
98511000,1
09241000-0,1
42636000,1
63712500-8,1
34513250-3,1
30231000,1
92220000,1
45232311,1
34134000,1
33681000,1
44231000-8,1
42924720-2,1
32523000,1
44161500,1
60116000-4,1
45313200-6,1
32354200-1,1
38400000,1
32354000-9,1
42132200-5,1
43320000,1
64212100-6,1
79212500-8,1
39181000,1
45215120,1
03111200-4,1
33193100-0,1
29231000-7,1
39291000,1
30199700,1
39515410,1
34144400,1
71540000,1
30197620,1
39525300-1,1
70100000-2,1
31224100-3,1
90714100,1
42999100-6,1
45247110-4,1
31711100-4,1
44164100,1
71351611-9,1
15112100-0,1
18821000-0,1
31521330-6,1
45223820,1
39143114,1
29242410-4,1
80212000-3,1
28218330-5,1
71351611,1
29851310-5,1
39143114-8,1
45234111-7,1
74262000-3,1
50115100,1
34144440-4,1
34928480-1,1
28861110-9,1
33141600-6,1
03114100,1
74252000-0,1
45214640,1
71321400,1
33171000-9,1
42962100-8,1
35123500,1
50333200-0,1
33141620-2,1
32323400-7,1
30194220-3,1
34928220-6,1
14500000,1
72254000-0,1
45243400,1
55000000,1
44423750-3,1
14522400,1
07133000-0,1
33192100,1
45251230-2,1
66519200-3,1
79342100,1
15940000,1
44200000-2,1
29868000-1,1
75252000,1
39000000,1
24111700,1
33121400-8,1
30199763-6,1
44161110-0,1
14614000-8,1
09324000-6,1
42716100,1
44616200-3,1
51900000,1
64115000-5,1
72212443,1
39811200,1
42413200-6,1
48481000,1
35111510-3,1
76211100,1
15331170,1
45221250,1
18114000-1,1
90513900-4,1
34630000-2,1
45214420,1
15545000-0,1
44411300-7,1
45262680,1
71242000-1,1
71300000-0,1
74141300-2,1
44619100-3,1
72212215-9,1
42122430-3,1
71326000-9,1
45333100-1,1
48332000,1
04112410-5,1
42113390,1
39518000-6,1
39295200,1
79421100,1
37453600,1
39711420-9,1
18143000-0,1
45235311-6,1
48329000,1
48222000-0,1
77830000-7,1
48161000,1
45261221-9,1
38425100-1,1
14110000-5,1
39143000,1
45331000-1,1
43312000-0,1
22114000,1
79997000-9,1
90123100-6,1
71351710,1
15331134-5,1
35226100-1,1
75231240-0,1
79342400-7,1
71318100,1
33111400-5,1
31124000,1
79821100-6,1
15331460-9,1
33111100-2,1
90200000-9,1
34513200,1
44511341-7,1
32332100-0,1
34111200,1
34114121,1
28825100-2,1
45452100,1
79631000-6,1
34995000-8,1
74614000-6,1
44530000-4,1
37432000,1
66190000-8,1
17221000-7,1
09121000-3,1
